tic,ticks64,bytes,offset,path
80,103,32,2157288,<header/FNT/FAT/padding>
80,95,32,2157289,<header/FNT/FAT/padding>
80,89,32,2157300,<header/FNT/FAT/padding>
80,97,32,2157301,<header/FNT/FAT/padding>
80,91,32,2157308,<header/FNT/FAT/padding>
80,95,32,2157309,<header/FNT/FAT/padding>
80,96,32,2157318,<header/FNT/FAT/padding>
80,96,32,2157319,<header/FNT/FAT/padding>
80,95,32,2157329,<header/FNT/FAT/padding>
80,97,32,2157330,<header/FNT/FAT/padding>
80,103,32,2157337,<header/FNT/FAT/padding>
80,96,32,2157338,<header/FNT/FAT/padding>
80,95,32,2157349,<header/FNT/FAT/padding>
80,95,32,2157350,<header/FNT/FAT/padding>
80,95,32,2157357,<header/FNT/FAT/padding>
80,96,32,2157358,<header/FNT/FAT/padding>
80,90,32,2157368,<header/FNT/FAT/padding>
80,96,32,2157369,<header/FNT/FAT/padding>
80,96,32,2157377,<header/FNT/FAT/padding>
80,95,32,2157378,<header/FNT/FAT/padding>
80,89,32,2168228,<header/FNT/FAT/padding>
80,96,32,2168229,<header/FNT/FAT/padding>
80,90,32,2168256,<header/FNT/FAT/padding>
80,96,32,2168257,<header/FNT/FAT/padding>
80,90,32,2168284,<header/FNT/FAT/padding>
80,96,32,2168285,<header/FNT/FAT/padding>
80,147,32,2168313,<header/FNT/FAT/padding>
80,149,32,2168314,<header/FNT/FAT/padding>
80,95,32,2168341,<header/FNT/FAT/padding>
80,103,32,2168342,<header/FNT/FAT/padding>
80,95,32,2168369,<header/FNT/FAT/padding>
80,97,32,2168370,<header/FNT/FAT/padding>
80,138,1024,62787072,nitro:/wallpapers/native_wallpaper_results.bin
80,135,1024,62788096,nitro:/wallpapers/native_wallpaper_results.bin
80,131,1024,62789120,nitro:/wallpapers/native_wallpaper_results.bin
80,130,1024,62790144,nitro:/wallpapers/native_wallpaper_results.bin
80,130,1024,62791168,nitro:/wallpapers/native_wallpaper_results.bin
80,130,1024,62792192,nitro:/wallpapers/native_wallpaper_results.bin
80,130,1024,62793216,nitro:/wallpapers/native_wallpaper_results.bin
80,131,1024,62794240,nitro:/wallpapers/native_wallpaper_results.bin
80,132,1024,62795264,nitro:/wallpapers/native_wallpaper_results.bin
80,130,1024,62796288,nitro:/wallpapers/native_wallpaper_results.bin
80,131,1024,62797312,nitro:/wallpapers/native_wallpaper_results.bin
80,131,1024,62798336,nitro:/wallpapers/native_wallpaper_results.bin
80,131,1024,62799360,nitro:/wallpapers/native_wallpaper_results.bin
80,131,1024,62800384,nitro:/wallpapers/native_wallpaper_results.bin
80,132,1024,62801408,nitro:/wallpapers/native_wallpaper_results.bin
80,132,1024,62802432,nitro:/wallpapers/native_wallpaper_results.bin
80,133,1024,62803456,nitro:/wallpapers/native_wallpaper_results.bin
80,131,1024,62804480,nitro:/wallpapers/native_wallpaper_results.bin
80,130,1024,62805504,nitro:/wallpapers/native_wallpaper_results.bin
80,131,1024,62806528,nitro:/wallpapers/native_wallpaper_results.bin
80,131,1024,62807552,nitro:/wallpapers/native_wallpaper_results.bin
80,131,1024,62808576,nitro:/wallpapers/native_wallpaper_results.bin
80,131,1024,62809600,nitro:/wallpapers/native_wallpaper_results.bin
80,130,1024,62810624,nitro:/wallpapers/native_wallpaper_results.bin
80,131,1024,62811648,nitro:/wallpapers/native_wallpaper_results.bin
80,132,1024,62812672,nitro:/wallpapers/native_wallpaper_results.bin
80,131,1024,62813696,nitro:/wallpapers/native_wallpaper_results.bin
80,139,1024,62814720,nitro:/wallpapers/native_wallpaper_results.bin
80,131,1024,62815744,nitro:/wallpapers/native_wallpaper_results.bin
80,131,1024,62816768,nitro:/wallpapers/native_wallpaper_results.bin
80,130,1024,62817792,nitro:/wallpapers/native_wallpaper_results.bin
80,131,1024,62818816,nitro:/wallpapers/native_wallpaper_results.bin
80,131,1024,62819840,nitro:/wallpapers/native_wallpaper_results.bin
80,131,1024,62820864,nitro:/wallpapers/native_wallpaper_results.bin
80,130,1024,62821888,nitro:/wallpapers/native_wallpaper_results.bin
80,132,1024,62822912,nitro:/wallpapers/native_wallpaper_results.bin
80,133,1024,62823936,nitro:/wallpapers/native_wallpaper_results.bin
80,131,1024,62824960,nitro:/wallpapers/native_wallpaper_results.bin
80,131,1024,62825984,nitro:/wallpapers/native_wallpaper_results.bin
80,131,1024,62827008,nitro:/wallpapers/native_wallpaper_results.bin
80,130,1024,62828032,nitro:/wallpapers/native_wallpaper_results.bin
80,108,256,62829056,nitro:/wallpapers/native_wallpaper_results.bin
120,110,32,2477600,nitro:/animation/ftanim_stream_pack.bin
120,229,1376,2477616,nitro:/animation/ftanim_stream_pack.bin
120,104,32,2157288,<header/FNT/FAT/padding>
120,96,32,2157289,<header/FNT/FAT/padding>
120,90,32,2157300,<header/FNT/FAT/padding>
120,96,32,2157301,<header/FNT/FAT/padding>
120,98,32,2157308,<header/FNT/FAT/padding>
120,95,32,2157309,<header/FNT/FAT/padding>
120,95,32,2157318,<header/FNT/FAT/padding>
120,96,32,2157319,<header/FNT/FAT/padding>
120,96,32,2157329,<header/FNT/FAT/padding>
120,96,32,2157330,<header/FNT/FAT/padding>
120,105,32,2157337,<header/FNT/FAT/padding>
120,96,32,2157338,<header/FNT/FAT/padding>
120,96,32,2157349,<header/FNT/FAT/padding>
120,96,32,2157350,<header/FNT/FAT/padding>
120,90,32,2160372,<header/FNT/FAT/padding>
120,96,32,2160373,<header/FNT/FAT/padding>
120,95,32,2160391,<header/FNT/FAT/padding>
120,91,32,2160392,<header/FNT/FAT/padding>
120,96,32,2160405,<header/FNT/FAT/padding>
120,96,32,2160406,<header/FNT/FAT/padding>
120,96,32,2160421,<header/FNT/FAT/padding>
120,96,32,2160422,<header/FNT/FAT/padding>
120,96,32,2160441,<header/FNT/FAT/padding>
120,96,32,2160442,<header/FNT/FAT/padding>
120,96,32,2160465,<header/FNT/FAT/padding>
120,104,32,2160466,<header/FNT/FAT/padding>
120,96,32,2160487,<header/FNT/FAT/padding>
120,91,32,2160488,<header/FNT/FAT/padding>
120,96,32,2160505,<header/FNT/FAT/padding>
120,96,32,2160506,<header/FNT/FAT/padding>
120,96,32,2160519,<header/FNT/FAT/padding>
120,91,32,2160520,<header/FNT/FAT/padding>
120,102,32,2160533,<header/FNT/FAT/padding>
120,95,32,2160534,<header/FNT/FAT/padding>
120,90,32,2160552,<header/FNT/FAT/padding>
120,96,32,2160553,<header/FNT/FAT/padding>
120,95,32,2160567,<header/FNT/FAT/padding>
120,91,32,2160568,<header/FNT/FAT/padding>
120,95,32,2160581,<header/FNT/FAT/padding>
120,96,32,2160582,<header/FNT/FAT/padding>
120,89,32,2160596,<header/FNT/FAT/padding>
120,97,32,2160597,<header/FNT/FAT/padding>
120,90,32,2165864,<header/FNT/FAT/padding>
120,95,32,2165865,<header/FNT/FAT/padding>
120,96,32,2165893,<header/FNT/FAT/padding>
120,103,32,2165894,<header/FNT/FAT/padding>
120,97,32,2165922,<header/FNT/FAT/padding>
120,95,32,2165923,<header/FNT/FAT/padding>
120,92,32,2165948,<header/FNT/FAT/padding>
120,95,32,2165949,<header/FNT/FAT/padding>
120,92,32,2165976,<header/FNT/FAT/padding>
120,95,32,2165977,<header/FNT/FAT/padding>
120,97,32,2166001,<header/FNT/FAT/padding>
120,95,32,2166002,<header/FNT/FAT/padding>
120,92,32,2166024,<header/FNT/FAT/padding>
120,95,32,2166025,<header/FNT/FAT/padding>
120,96,32,2166046,<header/FNT/FAT/padding>
120,95,32,2166047,<header/FNT/FAT/padding>
120,91,32,2166068,<header/FNT/FAT/padding>
120,95,32,2166069,<header/FNT/FAT/padding>
120,91,32,2166088,<header/FNT/FAT/padding>
120,95,32,2166089,<header/FNT/FAT/padding>
120,96,32,2166115,<header/FNT/FAT/padding>
120,90,32,2166116,<header/FNT/FAT/padding>
120,96,32,2166139,<header/FNT/FAT/padding>
120,90,32,2166140,<header/FNT/FAT/padding>
120,104,32,2166163,<header/FNT/FAT/padding>
120,91,32,2166164,<header/FNT/FAT/padding>
120,97,32,2166189,<header/FNT/FAT/padding>
120,95,32,2166190,<header/FNT/FAT/padding>
120,97,32,2166215,<header/FNT/FAT/padding>
120,90,32,2166216,<header/FNT/FAT/padding>
120,96,32,2166238,<header/FNT/FAT/padding>
120,95,32,2166239,<header/FNT/FAT/padding>
120,149,32,2166265,<header/FNT/FAT/padding>
120,149,32,2166266,<header/FNT/FAT/padding>
120,96,32,2166289,<header/FNT/FAT/padding>
120,96,32,2166290,<header/FNT/FAT/padding>
120,96,32,2166313,<header/FNT/FAT/padding>
120,96,32,2166314,<header/FNT/FAT/padding>
120,100,32,2166337,<header/FNT/FAT/padding>
120,96,32,2166338,<header/FNT/FAT/padding>
120,90,32,61162496,nitro:/reloc/reloc_submotions/FTMarioSubMotionTaunt
120,93,64,61162504,nitro:/reloc/reloc_submotions/FTMarioSubMotionTaunt
120,93,32,61162568,nitro:/reloc/reloc_submotions/FTMarioSubMotionTaunt
120,90,32,61162572,nitro:/reloc/reloc_submotions/FTMarioSubMotionTaunt
120,89,32,61162576,nitro:/reloc/reloc_submotions/FTMarioSubMotionTaunt
120,421,3520,61162592,nitro:/reloc/reloc_submotions/FTMarioSubMotionTaunt
120,90,32,61166112,nitro:/reloc/reloc_submotions/FTMarioSubMotionTaunt
120,103,32,2157288,<header/FNT/FAT/padding>
120,96,32,2157289,<header/FNT/FAT/padding>
120,90,32,2157300,<header/FNT/FAT/padding>
120,96,32,2157301,<header/FNT/FAT/padding>
120,91,32,2157308,<header/FNT/FAT/padding>
120,96,32,2157309,<header/FNT/FAT/padding>
120,96,32,2157318,<header/FNT/FAT/padding>
120,97,32,2157319,<header/FNT/FAT/padding>
120,103,32,2158606,<header/FNT/FAT/padding>
120,96,32,2158607,<header/FNT/FAT/padding>
120,90,32,2158620,<header/FNT/FAT/padding>
120,97,32,2158621,<header/FNT/FAT/padding>
120,96,32,2158634,<header/FNT/FAT/padding>
120,95,32,2158635,<header/FNT/FAT/padding>
120,96,32,2158647,<header/FNT/FAT/padding>
120,91,32,2158648,<header/FNT/FAT/padding>
120,91,32,2158664,<header/FNT/FAT/padding>
120,97,32,2158665,<header/FNT/FAT/padding>
120,91,32,2158680,<header/FNT/FAT/padding>
120,96,32,2158681,<header/FNT/FAT/padding>
120,91,32,2158696,<header/FNT/FAT/padding>
120,96,32,2158697,<header/FNT/FAT/padding>
120,95,32,2158711,<header/FNT/FAT/padding>
120,91,32,2158712,<header/FNT/FAT/padding>
120,96,32,2158734,<header/FNT/FAT/padding>
120,96,32,2158735,<header/FNT/FAT/padding>
120,91,32,2158756,<header/FNT/FAT/padding>
120,96,32,2158757,<header/FNT/FAT/padding>
120,95,32,2158778,<header/FNT/FAT/padding>
120,104,32,2158779,<header/FNT/FAT/padding>
120,96,32,2158799,<header/FNT/FAT/padding>
120,91,32,2158800,<header/FNT/FAT/padding>
120,96,32,2158821,<header/FNT/FAT/padding>
120,96,32,2158822,<header/FNT/FAT/padding>
120,96,32,2158842,<header/FNT/FAT/padding>
120,96,32,2158843,<header/FNT/FAT/padding>
120,91,32,2158864,<header/FNT/FAT/padding>
120,96,32,2158865,<header/FNT/FAT/padding>
120,96,32,2158885,<header/FNT/FAT/padding>
120,96,32,2158886,<header/FNT/FAT/padding>
120,96,32,2158907,<header/FNT/FAT/padding>
120,91,32,2158908,<header/FNT/FAT/padding>
120,91,32,2158928,<header/FNT/FAT/padding>
120,96,32,2158929,<header/FNT/FAT/padding>
120,96,32,2158950,<header/FNT/FAT/padding>
120,96,32,2158951,<header/FNT/FAT/padding>
120,96,32,2158971,<header/FNT/FAT/padding>
120,91,32,2158972,<header/FNT/FAT/padding>
120,100,32,2158993,<header/FNT/FAT/padding>
120,96,32,2158994,<header/FNT/FAT/padding>
120,103,32,2159014,<header/FNT/FAT/padding>
120,95,32,2159015,<header/FNT/FAT/padding>
120,90,32,2159036,<header/FNT/FAT/padding>
120,96,32,2159037,<header/FNT/FAT/padding>
120,95,32,2159057,<header/FNT/FAT/padding>
120,95,32,2159058,<header/FNT/FAT/padding>
120,148,32,2159079,<header/FNT/FAT/padding>
120,144,32,2159080,<header/FNT/FAT/padding>
120,143,32,2159100,<header/FNT/FAT/padding>
120,149,32,2159101,<header/FNT/FAT/padding>
120,96,32,2159122,<header/FNT/FAT/padding>
120,95,32,2159123,<header/FNT/FAT/padding>
120,96,32,2159143,<header/FNT/FAT/padding>
120,90,32,2159144,<header/FNT/FAT/padding>
120,94,32,2159165,<header/FNT/FAT/padding>
120,96,32,2159166,<header/FNT/FAT/padding>
120,95,32,2159186,<header/FNT/FAT/padding>
120,95,32,2159187,<header/FNT/FAT/padding>
120,99,32,2159208,<header/FNT/FAT/padding>
120,95,32,2159209,<header/FNT/FAT/padding>
120,95,32,2159229,<header/FNT/FAT/padding>
120,96,32,2159230,<header/FNT/FAT/padding>
120,2523,29120,39309824,nitro:/fighters/kirby_high.bin
120,89,32,39338944,nitro:/fighters/kirby_high.bin
120,215,1024,39338960,nitro:/fighters/kirby_high.bin
120,142,1024,4136960,nitro:/animation/ftanim_stream_pack.bin
120,92,32,4137984,nitro:/animation/ftanim_stream_pack.bin
120,103,32,2157288,<header/FNT/FAT/padding>
120,96,32,2157289,<header/FNT/FAT/padding>
120,90,32,2157300,<header/FNT/FAT/padding>
120,96,32,2157301,<header/FNT/FAT/padding>
120,92,32,2157308,<header/FNT/FAT/padding>
120,95,32,2157309,<header/FNT/FAT/padding>
120,97,32,2157318,<header/FNT/FAT/padding>
120,95,32,2157319,<header/FNT/FAT/padding>
120,97,32,2157329,<header/FNT/FAT/padding>
120,95,32,2157330,<header/FNT/FAT/padding>
120,95,32,2157337,<header/FNT/FAT/padding>
120,95,32,2157338,<header/FNT/FAT/padding>
120,105,32,2157349,<header/FNT/FAT/padding>
120,95,32,2157350,<header/FNT/FAT/padding>
120,90,32,2160372,<header/FNT/FAT/padding>
120,95,32,2160373,<header/FNT/FAT/padding>
120,95,32,2160391,<header/FNT/FAT/padding>
120,91,32,2160392,<header/FNT/FAT/padding>
120,97,32,2160405,<header/FNT/FAT/padding>
120,95,32,2160406,<header/FNT/FAT/padding>
120,97,32,2160421,<header/FNT/FAT/padding>
120,95,32,2160422,<header/FNT/FAT/padding>
120,97,32,2160441,<header/FNT/FAT/padding>
120,95,32,2160442,<header/FNT/FAT/padding>
120,96,32,2160465,<header/FNT/FAT/padding>
120,95,32,2160466,<header/FNT/FAT/padding>
120,97,32,2160487,<header/FNT/FAT/padding>
120,90,32,2160488,<header/FNT/FAT/padding>
120,97,32,2160505,<header/FNT/FAT/padding>
120,95,32,2160506,<header/FNT/FAT/padding>
120,97,32,2160519,<header/FNT/FAT/padding>
120,95,32,2160520,<header/FNT/FAT/padding>
120,96,32,2160533,<header/FNT/FAT/padding>
120,103,32,2160534,<header/FNT/FAT/padding>
120,90,32,2160552,<header/FNT/FAT/padding>
120,95,32,2160553,<header/FNT/FAT/padding>
120,96,32,2160567,<header/FNT/FAT/padding>
120,90,32,2160568,<header/FNT/FAT/padding>
120,96,32,2160581,<header/FNT/FAT/padding>
120,94,32,2160582,<header/FNT/FAT/padding>
120,90,32,2160596,<header/FNT/FAT/padding>
120,95,32,2160597,<header/FNT/FAT/padding>
120,91,32,2165864,<header/FNT/FAT/padding>
120,96,32,2165865,<header/FNT/FAT/padding>
120,97,32,2165893,<header/FNT/FAT/padding>
120,96,32,2165894,<header/FNT/FAT/padding>
120,97,32,2165922,<header/FNT/FAT/padding>
120,95,32,2165923,<header/FNT/FAT/padding>
120,92,32,2165948,<header/FNT/FAT/padding>
120,96,32,2165949,<header/FNT/FAT/padding>
120,92,32,2165976,<header/FNT/FAT/padding>
120,96,32,2165977,<header/FNT/FAT/padding>
120,97,32,2166001,<header/FNT/FAT/padding>
120,95,32,2166002,<header/FNT/FAT/padding>
120,100,32,2166024,<header/FNT/FAT/padding>
120,95,32,2166025,<header/FNT/FAT/padding>
120,97,32,2166046,<header/FNT/FAT/padding>
120,95,32,2166047,<header/FNT/FAT/padding>
120,92,32,2166068,<header/FNT/FAT/padding>
120,95,32,2166069,<header/FNT/FAT/padding>
120,92,32,2166088,<header/FNT/FAT/padding>
120,95,32,2166089,<header/FNT/FAT/padding>
120,91,32,61096448,nitro:/reloc/reloc_submotions/FTKirbySubMotionAppearAlt2
120,92,64,61096456,nitro:/reloc/reloc_submotions/FTKirbySubMotionAppearAlt2
120,94,32,61096520,nitro:/reloc/reloc_submotions/FTKirbySubMotionAppearAlt2
120,90,32,61096524,nitro:/reloc/reloc_submotions/FTKirbySubMotionAppearAlt2
120,880,8544,61096528,nitro:/reloc/reloc_submotions/FTKirbySubMotionAppearAlt2
120,103,32,2817168,nitro:/animation/ftanim_stream_pack.bin
120,309,2304,2817184,nitro:/animation/ftanim_stream_pack.bin
120,89,32,2819488,nitro:/animation/ftanim_stream_pack.bin
120,102,32,2157288,<header/FNT/FAT/padding>
120,95,32,2157289,<header/FNT/FAT/padding>
120,90,32,2157300,<header/FNT/FAT/padding>
120,96,32,2157301,<header/FNT/FAT/padding>
120,90,32,2157308,<header/FNT/FAT/padding>
120,96,32,2157309,<header/FNT/FAT/padding>
120,99,32,2157318,<header/FNT/FAT/padding>
120,96,32,2157319,<header/FNT/FAT/padding>
120,95,32,2157329,<header/FNT/FAT/padding>
120,96,32,2157330,<header/FNT/FAT/padding>
120,94,32,2157337,<header/FNT/FAT/padding>
120,96,32,2157338,<header/FNT/FAT/padding>
120,95,32,2157349,<header/FNT/FAT/padding>
120,96,32,2157350,<header/FNT/FAT/padding>
120,90,32,2160372,<header/FNT/FAT/padding>
120,95,32,2160373,<header/FNT/FAT/padding>
120,95,32,2160391,<header/FNT/FAT/padding>
120,98,32,2160392,<header/FNT/FAT/padding>
120,95,32,2160405,<header/FNT/FAT/padding>
120,96,32,2160406,<header/FNT/FAT/padding>
120,94,32,2160421,<header/FNT/FAT/padding>
120,96,32,2160422,<header/FNT/FAT/padding>
120,95,32,2160441,<header/FNT/FAT/padding>
120,96,32,2160442,<header/FNT/FAT/padding>
120,95,32,2160465,<header/FNT/FAT/padding>
120,96,32,2160466,<header/FNT/FAT/padding>
120,95,32,2160487,<header/FNT/FAT/padding>
120,91,32,2160488,<header/FNT/FAT/padding>
120,95,32,2160505,<header/FNT/FAT/padding>
120,96,32,2160506,<header/FNT/FAT/padding>
120,95,32,2160519,<header/FNT/FAT/padding>
120,91,32,2160520,<header/FNT/FAT/padding>
120,96,32,2160533,<header/FNT/FAT/padding>
120,95,32,2160534,<header/FNT/FAT/padding>
120,90,32,2160552,<header/FNT/FAT/padding>
120,96,32,2160553,<header/FNT/FAT/padding>
120,95,32,2160567,<header/FNT/FAT/padding>
120,91,32,2160568,<header/FNT/FAT/padding>
120,103,32,2160581,<header/FNT/FAT/padding>
120,96,32,2160582,<header/FNT/FAT/padding>
120,90,32,2160596,<header/FNT/FAT/padding>
120,96,32,2160597,<header/FNT/FAT/padding>
120,94,32,2165864,<header/FNT/FAT/padding>
120,100,32,2165865,<header/FNT/FAT/padding>
120,96,32,2165893,<header/FNT/FAT/padding>
120,95,32,2165894,<header/FNT/FAT/padding>
120,95,32,2165922,<header/FNT/FAT/padding>
120,95,32,2165923,<header/FNT/FAT/padding>
120,91,32,2165948,<header/FNT/FAT/padding>
120,95,32,2165949,<header/FNT/FAT/padding>
120,91,32,2165976,<header/FNT/FAT/padding>
120,95,32,2165977,<header/FNT/FAT/padding>
120,96,32,2166001,<header/FNT/FAT/padding>
120,95,32,2166002,<header/FNT/FAT/padding>
120,91,32,2166024,<header/FNT/FAT/padding>
120,94,32,2166025,<header/FNT/FAT/padding>
120,95,32,2166046,<header/FNT/FAT/padding>
120,95,32,2166047,<header/FNT/FAT/padding>
120,91,32,2166068,<header/FNT/FAT/padding>
120,103,32,2166069,<header/FNT/FAT/padding>
120,91,32,61093376,nitro:/reloc/reloc_submotions/FTFoxSubMotionTaunt
120,92,64,61093384,nitro:/reloc/reloc_submotions/FTFoxSubMotionTaunt
120,93,32,61093448,nitro:/reloc/reloc_submotions/FTFoxSubMotionTaunt
120,91,32,61093452,nitro:/reloc/reloc_submotions/FTFoxSubMotionTaunt
120,90,32,61093456,nitro:/reloc/reloc_submotions/FTFoxSubMotionTaunt
120,343,2656,61093472,nitro:/reloc/reloc_submotions/FTFoxSubMotionTaunt
120,102,32,2157288,<header/FNT/FAT/padding>
120,100,32,2157289,<header/FNT/FAT/padding>
120,90,32,2157300,<header/FNT/FAT/padding>
120,95,32,2157301,<header/FNT/FAT/padding>
120,90,32,2157308,<header/FNT/FAT/padding>
120,96,32,2157309,<header/FNT/FAT/padding>
120,95,32,2157318,<header/FNT/FAT/padding>
120,95,32,2157319,<header/FNT/FAT/padding>
120,101,32,2158606,<header/FNT/FAT/padding>
120,103,32,2158607,<header/FNT/FAT/padding>
120,91,32,2158620,<header/FNT/FAT/padding>
120,96,32,2158621,<header/FNT/FAT/padding>
120,95,32,2158634,<header/FNT/FAT/padding>
120,97,32,2158635,<header/FNT/FAT/padding>
120,96,32,2158647,<header/FNT/FAT/padding>
120,90,32,2158648,<header/FNT/FAT/padding>
120,91,32,2158664,<header/FNT/FAT/padding>
120,96,32,2158665,<header/FNT/FAT/padding>
120,91,32,2158680,<header/FNT/FAT/padding>
120,97,32,2158681,<header/FNT/FAT/padding>
120,91,32,2158696,<header/FNT/FAT/padding>
120,96,32,2158697,<header/FNT/FAT/padding>
120,96,32,2158711,<header/FNT/FAT/padding>
120,91,32,2158712,<header/FNT/FAT/padding>
120,96,32,2158734,<header/FNT/FAT/padding>
120,98,32,2158735,<header/FNT/FAT/padding>
120,90,32,2158756,<header/FNT/FAT/padding>
120,97,32,2158757,<header/FNT/FAT/padding>
120,97,32,2158778,<header/FNT/FAT/padding>
120,104,32,2158779,<header/FNT/FAT/padding>
120,96,32,2158799,<header/FNT/FAT/padding>
120,93,32,2158800,<header/FNT/FAT/padding>
120,95,32,2158821,<header/FNT/FAT/padding>
120,97,32,2158822,<header/FNT/FAT/padding>
120,96,32,2158842,<header/FNT/FAT/padding>
120,96,32,2158843,<header/FNT/FAT/padding>
120,91,32,2158864,<header/FNT/FAT/padding>
120,97,32,2158865,<header/FNT/FAT/padding>
120,99,32,2158885,<header/FNT/FAT/padding>
120,97,32,2158886,<header/FNT/FAT/padding>
120,95,32,2158907,<header/FNT/FAT/padding>
120,91,32,2158908,<header/FNT/FAT/padding>
120,91,32,2158928,<header/FNT/FAT/padding>
120,95,32,2158929,<header/FNT/FAT/padding>
120,95,32,2158950,<header/FNT/FAT/padding>
120,97,32,2158951,<header/FNT/FAT/padding>
120,94,32,2158971,<header/FNT/FAT/padding>
120,91,32,2158972,<header/FNT/FAT/padding>
120,96,32,2158993,<header/FNT/FAT/padding>
120,94,32,2158994,<header/FNT/FAT/padding>
120,102,32,2159014,<header/FNT/FAT/padding>
120,97,32,2159015,<header/FNT/FAT/padding>
120,89,32,2159036,<header/FNT/FAT/padding>
120,95,32,2159037,<header/FNT/FAT/padding>
120,96,32,2159057,<header/FNT/FAT/padding>
120,95,32,2159058,<header/FNT/FAT/padding>
120,148,32,2159079,<header/FNT/FAT/padding>
120,145,32,2159080,<header/FNT/FAT/padding>
120,145,32,2159100,<header/FNT/FAT/padding>
120,148,32,2159101,<header/FNT/FAT/padding>
120,95,32,2159122,<header/FNT/FAT/padding>
120,95,32,2159123,<header/FNT/FAT/padding>
120,95,32,2159143,<header/FNT/FAT/padding>
120,91,32,2159144,<header/FNT/FAT/padding>
120,95,32,2159165,<header/FNT/FAT/padding>
120,96,32,2159166,<header/FNT/FAT/padding>
120,96,32,2159186,<header/FNT/FAT/padding>
120,94,32,2159187,<header/FNT/FAT/padding>
120,90,32,2159208,<header/FNT/FAT/padding>
120,105,32,2159209,<header/FNT/FAT/padding>
120,94,32,2159229,<header/FNT/FAT/padding>
120,95,32,2159230,<header/FNT/FAT/padding>
120,91,32,2159244,<header/FNT/FAT/padding>
120,95,32,2159245,<header/FNT/FAT/padding>
120,95,32,2159258,<header/FNT/FAT/padding>
120,97,32,2159259,<header/FNT/FAT/padding>
120,89,32,2159272,<header/FNT/FAT/padding>
120,95,32,2159273,<header/FNT/FAT/padding>
120,96,32,2159285,<header/FNT/FAT/padding>
120,95,32,2159286,<header/FNT/FAT/padding>
120,89,32,2159300,<header/FNT/FAT/padding>
120,96,32,2159301,<header/FNT/FAT/padding>
120,95,32,2159314,<header/FNT/FAT/padding>
120,96,32,2159315,<header/FNT/FAT/padding>
120,95,32,2159339,<header/FNT/FAT/padding>
120,90,32,2159340,<header/FNT/FAT/padding>
120,99,32,2159363,<header/FNT/FAT/padding>
120,92,32,2159364,<header/FNT/FAT/padding>
120,94,32,2159381,<header/FNT/FAT/padding>
120,96,32,2159382,<header/FNT/FAT/padding>
120,104,32,2159398,<header/FNT/FAT/padding>
120,95,32,2159399,<header/FNT/FAT/padding>
120,94,32,2159415,<header/FNT/FAT/padding>
120,92,32,2159416,<header/FNT/FAT/padding>
120,94,32,2159431,<header/FNT/FAT/padding>
120,91,32,2159432,<header/FNT/FAT/padding>
120,96,32,2159445,<header/FNT/FAT/padding>
120,95,32,2159446,<header/FNT/FAT/padding>
120,94,32,2159458,<header/FNT/FAT/padding>
120,97,32,2159459,<header/FNT/FAT/padding>
120,89,32,2159472,<header/FNT/FAT/padding>
120,95,32,2159473,<header/FNT/FAT/padding>
120,96,32,2159485,<header/FNT/FAT/padding>
120,95,32,2159486,<header/FNT/FAT/padding>
120,95,32,2159501,<header/FNT/FAT/padding>
120,96,32,2159502,<header/FNT/FAT/padding>
120,89,32,2159516,<header/FNT/FAT/padding>
120,96,32,2159517,<header/FNT/FAT/padding>
120,96,32,2159531,<header/FNT/FAT/padding>
120,89,32,2159532,<header/FNT/FAT/padding>
120,95,32,2159545,<header/FNT/FAT/padding>
120,94,32,2159546,<header/FNT/FAT/padding>
120,94,32,2159561,<header/FNT/FAT/padding>
120,96,32,2159562,<header/FNT/FAT/padding>
120,90,32,2159576,<header/FNT/FAT/padding>
120,94,32,2159577,<header/FNT/FAT/padding>
120,148,32,2159591,<header/FNT/FAT/padding>
120,145,32,2159592,<header/FNT/FAT/padding>
120,148,32,2159605,<header/FNT/FAT/padding>
120,149,32,2159606,<header/FNT/FAT/padding>
120,96,32,2159623,<header/FNT/FAT/padding>
120,91,32,2159624,<header/FNT/FAT/padding>
120,90,32,2159640,<header/FNT/FAT/padding>
120,97,32,2159641,<header/FNT/FAT/padding>
120,90,32,2159656,<header/FNT/FAT/padding>
120,96,32,2159657,<header/FNT/FAT/padding>
120,95,32,2159671,<header/FNT/FAT/padding>
120,90,32,2159672,<header/FNT/FAT/padding>
120,95,32,2159687,<header/FNT/FAT/padding>
120,100,32,2159688,<header/FNT/FAT/padding>
120,94,32,2159702,<header/FNT/FAT/padding>
120,95,32,2159703,<header/FNT/FAT/padding>
120,96,32,2159718,<header/FNT/FAT/padding>
120,95,32,2159719,<header/FNT/FAT/padding>
120,94,32,2159733,<header/FNT/FAT/padding>
120,96,32,2159734,<header/FNT/FAT/padding>
120,94,32,2159750,<header/FNT/FAT/padding>
120,95,32,2159751,<header/FNT/FAT/padding>
120,96,32,2159766,<header/FNT/FAT/padding>
120,95,32,2159767,<header/FNT/FAT/padding>
120,94,32,2159781,<header/FNT/FAT/padding>
120,96,32,2159782,<header/FNT/FAT/padding>
120,95,32,2159795,<header/FNT/FAT/padding>
120,90,32,2159796,<header/FNT/FAT/padding>
120,95,32,2159810,<header/FNT/FAT/padding>
120,95,32,2159811,<header/FNT/FAT/padding>
120,90,32,2159824,<header/FNT/FAT/padding>
120,97,32,2159825,<header/FNT/FAT/padding>
120,1616,18144,39888384,nitro:/fighters/yoshi_high.bin
120,89,32,39906528,nitro:/fighters/yoshi_high.bin
120,214,1024,39906556,nitro:/fighters/yoshi_high.bin
120,436,3616,5508720,nitro:/animation/ftanim_stream_pack.bin
120,90,32,5512336,nitro:/animation/ftanim_stream_pack.bin
