name,tic,ticks,vblanks,retval,r0,r1,r2,r3,lr,path
ndsBaseFTDisplayMainProcDisplay,120,11840,0,35944376,50363328,4294967247,0,35933276,020788f9,
glTexImage2D,120,3328,0,1,1,0,3,2,0202b048,
glColorTableEXT,120,2368,0,9143170,1,0,10,0,0204cfb8,
ndsRendererHardwareResolveOrBindTexture,120,130112,0,1,50272172,35990408,35618944,0,02009a34,
glTexImage2D,120,4032,0,1,1,0,3,3,0202b048,
glColorTableEXT,120,2496,0,9143170,1,0,15,0,0204cfb8,
ndsRendererHardwareResolveOrBindTexture,120,282944,1,1,50272172,35990616,35618944,0,02009a34,
glTexImage2D,120,2560,0,1,1,0,3,2,0202b048,
glColorTableEXT,120,2496,0,9143170,1,0,5,0,0204cfb8,
ndsRendererHardwareResolveOrBindTexture,120,109760,0,1,50272172,35990616,35618944,0,02009a34,
ndsBaseFTDisplayMainProcDisplay,120,11904,0,35944376,50363600,4294967247,1,35933276,020788f9,
glTexImage2D,120,3264,0,1,1,0,3,2,0202b048,
glColorTableEXT,120,2624,0,9143170,1,0,15,0,0204cfb8,
ndsRendererHardwareResolveOrBindTexture,120,137984,1,1,50272172,35990408,35618944,0,02009a34,
ndsBaseFTDisplayMainProcDisplay,120,13120,0,35944376,50363872,4294967247,2,35933276,020788f9,
glTexImage2D,120,3392,0,1,1,0,3,2,0202b048,
glColorTableEXT,120,2432,0,9143170,1,0,4,0,0204cfb8,
ndsRendererHardwareResolveOrBindTexture,120,127104,0,1,50272172,35990408,35618944,0,02009a34,
glTexImage2D,120,3392,0,1,1,0,3,2,0202b048,
glColorTableEXT,120,2880,0,9143170,1,0,11,0,0204cfb8,
ndsRendererHardwareResolveOrBindTexture,120,149056,1,1,50272172,35990460,35618944,0,02009a34,
glTexImage2D,120,2816,0,1,1,0,3,2,0202b048,
glColorTableEXT,120,2752,0,9143170,1,0,11,0,0204cfb8,
ndsRendererHardwareResolveOrBindTexture,120,71424,0,1,50272172,35990720,35618944,0,02009a34,
glTexImage2D,120,3712,0,1,1,0,3,3,0202b048,
glColorTableEXT,120,3008,0,9143170,1,0,13,0,0204cfb8,
ndsRendererHardwareResolveOrBindTexture,120,260736,0,1,50272172,35990720,35618944,0,02009a34,
glTexImage2D,120,3008,0,1,1,0,3,0,0202b048,
glColorTableEXT,120,2816,0,9143170,1,0,5,0,0204cfb8,
ndsRendererHardwareResolveOrBindTexture,120,25344,1,1,50272172,35991240,35618944,0,02009a34,
ndsRendererHardwareResolveOrBindTexture,120,5056,0,1,50272172,35991292,35618944,0,02009a34,
ndsBaseFTDisplayMainProcDisplay,120,14208,0,35944376,50364144,4294967247,3,35933276,020788f9,
glTexImage2D,120,2688,0,1,1,0,3,0,0202b048,
glColorTableEXT,120,2880,0,9143170,1,0,3,0,0204cfb8,
ndsRendererHardwareResolveOrBindTexture,120,24256,0,1,50272172,35990408,35618944,0,02009a34,
glTexImage2D,120,2368,0,1,1,0,3,0,0202b048,
glColorTableEXT,120,2496,0,9143170,1,0,3,0,0204cfb8,
ndsRendererHardwareResolveOrBindTexture,120,22400,0,1,50272172,35990408,35618944,0,02009a34,
glTexImage2D,120,2560,0,1,1,0,3,0,0202b048,
glColorTableEXT,120,3008,0,9143170,1,0,3,0,0204cfb8,
ndsRendererHardwareResolveOrBindTexture,120,22784,0,1,50272172,35990408,35618944,0,02009a34,
glTexImage2D,120,2560,0,1,1,0,3,0,0202b048,
glColorTableEXT,120,3008,0,9143170,1,0,4,0,0204cfb8,
ndsRendererHardwareResolveOrBindTexture,120,23424,0,1,50272172,35990512,35618944,0,02009a34,
glTexImage2D,120,2752,0,1,1,0,3,1,0202b048,
glColorTableEXT,120,3200,0,9143170,1,0,10,0,0204cfb8,
ndsRendererHardwareResolveOrBindTexture,120,47936,0,1,50272172,35990512,35618944,0,02009a34,
glTexImage2D,120,2688,0,1,1,0,3,1,0202b048,
glColorTableEXT,120,3584,0,9143170,1,0,10,0,0204cfb8,
ndsRendererHardwareResolveOrBindTexture,120,47040,0,1,50272172,35990512,35618944,0,02009a34,
ndsResultsOamDrawGObj,120,330752,0,1,37501184,0,35917820,24,020775d9,
ndsResultsOamDrawGObj,120,373056,1,1,37537632,27,0,24,020775d9,
ndsResultsOamDrawGObj,120,3328,0,1,37546088,27,0,24,020775d9,
ndsResultsOamDrawGObj,120,2752,0,1,37575424,27,0,24,020775d9,
ndsResultsOamDrawGObj,120,3233856,6,1,37493960,29,0,24,020775d9,
ndsResultsOamDrawGObj,120,2075968,3,1,37494656,29,0,24,020775d9,
ndsResultsOamDrawGObj,120,967744,2,1,37495352,31,0,24,020775d9,
glTexImage2D,120,2816,0,1,1,0,3,0,02045d40,
glColorTableEXT,120,3328,0,9143170,1,0,16,0,02045ff4,
glTexImage2D,120,1536,0,1,1,0,3,0,02045d40,
glColorTableEXT,120,2624,0,9143170,1,0,16,0,02045ff4,
glTexImage2D,120,1216,0,1,1,0,3,0,02045d40,
glColorTableEXT,120,2048,0,9143170,1,0,16,0,02045ff4,
glTexImage2D,120,1088,0,1,1,0,3,0,02045d40,
glColorTableEXT,120,2112,0,9143170,1,0,16,0,02045ff4,
ndsBaseFTDisplayMainProcDisplay,210,3136,0,35944376,50363328,4294967247,0,35933276,020788f9,
ndsBaseFTDisplayMainProcDisplay,210,4928,0,35944376,50363600,4294967247,1,35933276,020788f9,
ndsBaseFTDisplayMainProcDisplay,210,3008,0,35944376,50363872,4294967247,2,35933276,020788f9,
ndsBaseFTDisplayMainProcDisplay,210,3840,0,35944376,50364144,4294967247,3,35933276,020788f9,
ndsResultsOamDrawGObj,210,6144,0,1,37501184,0,35917820,24,020775d9,
ndsResultsOamDrawGObj,210,3264,0,1,37537632,27,0,24,020775d9,
ndsResultsOamDrawGObj,210,3136,0,1,37546088,27,0,24,020775d9,
ndsResultsOamDrawGObj,210,2816,0,1,37575424,27,0,24,020775d9,
ndsResultsOamDrawGObj,210,15040,0,1,37493960,29,0,24,020775d9,
ndsResultsOamDrawGObj,210,15104,0,1,37494656,29,0,24,020775d9,
ndsResultsOamDrawGObj,210,15040,0,1,37495352,31,0,24,020775d9,
ndsResultsOamDrawGObj,210,713920,2,1,37580680,31,0,24,020775d9,
ndsResultsOamDrawGObj,210,709952,1,1,37581712,31,0,24,020775d9,
ndsBaseFTDisplayMainProcDisplay,230,3136,0,35944376,50363328,4294967247,0,35933276,020788f9,
ndsBaseFTDisplayMainProcDisplay,230,5056,0,35944376,50363600,4294967247,1,35933276,020788f9,
ndsBaseFTDisplayMainProcDisplay,230,3456,0,35944376,50363872,4294967247,2,35933276,020788f9,
ndsBaseFTDisplayMainProcDisplay,230,4032,0,35944376,50364144,4294967247,3,35933276,020788f9,
ndsResultsOamDrawGObj,230,6272,0,1,37501184,0,35917820,24,020775d9,
ndsResultsOamDrawGObj,230,3584,0,1,37537632,27,0,24,020775d9,
ndsResultsOamDrawGObj,230,3392,0,1,37546088,27,0,24,020775d9,
ndsResultsOamDrawGObj,230,3008,0,1,37575424,27,0,24,020775d9,
ndsResultsOamDrawGObj,230,15296,0,1,37493960,29,0,24,020775d9,
ndsResultsOamDrawGObj,230,15232,0,1,37494656,29,0,24,020775d9,
ndsResultsOamDrawGObj,230,14784,0,1,37495352,31,0,24,020775d9,
ndsResultsOamDrawGObj,230,24640,0,1,37580680,31,0,24,020775d9,
ndsResultsOamDrawGObj,230,18112,0,1,37581712,31,0,24,020775d9,
ndsResultsOamDrawGObj,230,696640,2,1,37582408,31,0,24,020775d9,
ndsBaseFTDisplayMainProcDisplay,270,8192,0,35944376,50363328,4294967247,0,35933276,020788f9,
ndsBaseFTDisplayMainProcDisplay,270,2944,0,35944376,50363600,4294967247,1,35933276,020788f9,
ndsBaseFTDisplayMainProcDisplay,270,3456,0,35944376,50363872,4294967247,2,35933276,020788f9,
ndsBaseFTDisplayMainProcDisplay,270,4096,0,35944376,50364144,4294967247,3,35933276,020788f9,
ndsResultsOamDrawGObj,270,6272,0,1,37501184,0,35917820,24,020775d9,
ndsResultsOamDrawGObj,270,3584,0,1,37537632,27,0,24,020775d9,
ndsResultsOamDrawGObj,270,3392,0,1,37546088,27,0,24,020775d9,
ndsResultsOamDrawGObj,270,3008,0,1,37575424,27,0,24,020775d9,
ndsResultsOamDrawGObj,270,15488,1,1,37493960,29,0,24,020775d9,
ndsResultsOamDrawGObj,270,15040,0,1,37494656,29,0,24,020775d9,
ndsResultsOamDrawGObj,270,14848,0,1,37495352,31,0,24,020775d9,
ndsResultsOamDrawGObj,270,25344,0,1,37580680,31,0,24,020775d9,
ndsResultsOamDrawGObj,270,18560,0,1,37581712,31,0,24,020775d9,
ndsResultsOamDrawGObj,270,22016,0,1,37582408,31,0,24,020775d9,
ndsResultsOamDrawGObj,270,605376,1,1,37583352,31,0,24,020775d9,
ndsBaseFTDisplayMainProcDisplay,290,3200,0,35944376,50363328,4294967247,0,35933276,020788f9,
ndsBaseFTDisplayMainProcDisplay,290,4736,0,35944376,50363600,4294967247,1,35933276,020788f9,
ndsBaseFTDisplayMainProcDisplay,290,3264,0,35944376,50363872,4294967247,2,35933276,020788f9,
ndsBaseFTDisplayMainProcDisplay,290,4032,0,35944376,50364144,4294967247,3,35933276,020788f9,
ndsResultsOamDrawGObj,290,6144,0,1,37501184,0,35917820,24,020775d9,
ndsResultsOamDrawGObj,290,3456,0,1,37537632,27,0,24,020775d9,
ndsResultsOamDrawGObj,290,3072,0,1,37546088,27,0,24,020775d9,
ndsResultsOamDrawGObj,290,3072,0,1,37575424,27,0,24,020775d9,
ndsResultsOamDrawGObj,290,15040,0,1,37493960,29,0,24,020775d9,
ndsResultsOamDrawGObj,290,15616,0,1,37494656,29,0,24,020775d9,
ndsResultsOamDrawGObj,290,15232,0,1,37495352,31,0,24,020775d9,
ndsResultsOamDrawGObj,290,25088,0,1,37580680,31,0,24,020775d9,
ndsResultsOamDrawGObj,290,18304,0,1,37581712,31,0,24,020775d9,
ndsResultsOamDrawGObj,290,22080,0,1,37582408,31,0,24,020775d9,
ndsResultsOamDrawGObj,290,22976,0,1,37583352,31,0,24,020775d9,
ndsResultsOamDrawGObj,290,2746304,5,1,37584160,31,0,24,020775d9,
ndsBaseFTDisplayMainProcDisplay,300,3072,0,35944376,50363328,4294967247,0,35933276,020788f9,
ndsBaseFTDisplayMainProcDisplay,300,4736,0,35944376,50363600,4294967247,1,35933276,020788f9,
ndsBaseFTDisplayMainProcDisplay,300,3328,0,35944376,50363872,4294967247,2,35933276,020788f9,
ndsBaseFTDisplayMainProcDisplay,300,3968,0,35944376,50364144,4294967247,3,35933276,020788f9,
ndsResultsOamDrawGObj,300,6272,0,1,37501184,0,35917820,24,020775d9,
ndsResultsOamDrawGObj,300,3456,0,1,37537632,27,0,24,020775d9,
ndsResultsOamDrawGObj,300,3136,0,1,37546088,27,0,24,020775d9,
ndsResultsOamDrawGObj,300,3008,0,1,37575424,27,0,24,020775d9,
ndsResultsOamDrawGObj,300,15104,0,1,37493960,29,0,24,020775d9,
ndsResultsOamDrawGObj,300,15296,0,1,37494656,29,0,24,020775d9,
ndsResultsOamDrawGObj,300,14848,0,1,37495352,31,0,24,020775d9,
ndsResultsOamDrawGObj,300,24832,0,1,37580680,31,0,24,020775d9,
ndsResultsOamDrawGObj,300,18176,0,1,37581712,31,0,24,020775d9,
ndsResultsOamDrawGObj,300,22080,0,1,37582408,31,0,24,020775d9,
ndsResultsOamDrawGObj,300,22464,0,1,37583352,31,0,24,020775d9,
ndsResultsOamDrawGObj,300,28096,1,1,37584160,31,0,24,020775d9,
ndsBaseFTDisplayMainProcDisplay,301,3136,0,35944376,50363328,4294967247,0,35933276,020788f9,
ndsBaseFTDisplayMainProcDisplay,301,5056,0,35944376,50363600,4294967247,1,35933276,020788f9,
ndsBaseFTDisplayMainProcDisplay,301,3392,0,35944376,50363872,4294967247,2,35933276,020788f9,
ndsBaseFTDisplayMainProcDisplay,301,4160,0,35944376,50364144,4294967247,3,35933276,020788f9,
ndsResultsOamDrawGObj,301,6272,0,1,37501184,0,35917820,24,020775d9,
ndsResultsOamDrawGObj,301,3520,0,1,37537632,27,0,24,020775d9,
ndsResultsOamDrawGObj,301,3200,0,1,37546088,27,0,24,020775d9,
ndsResultsOamDrawGObj,301,2944,0,1,37575424,27,0,24,020775d9,
ndsResultsOamDrawGObj,301,15168,0,1,37493960,29,0,24,020775d9,
ndsResultsOamDrawGObj,301,15296,0,1,37494656,29,0,24,020775d9,
ndsResultsOamDrawGObj,301,14848,0,1,37495352,31,0,24,020775d9,
ndsResultsOamDrawGObj,301,25088,0,1,37580680,31,0,24,020775d9,
ndsResultsOamDrawGObj,301,18176,0,1,37581712,31,0,24,020775d9,
ndsResultsOamDrawGObj,301,22016,0,1,37582408,31,0,24,020775d9,
ndsResultsOamDrawGObj,301,22400,0,1,37583352,31,0,24,020775d9,
ndsResultsOamDrawGObj,301,27968,0,1,37584160,31,0,24,020775d9,
ndsBaseFTDisplayMainProcDisplay,302,3200,0,35944376,50363328,4294967247,0,35933276,020788f9,
ndsBaseFTDisplayMainProcDisplay,302,4608,0,35944376,50363600,4294967247,1,35933276,020788f9,
ndsBaseFTDisplayMainProcDisplay,302,3520,0,35944376,50363872,4294967247,2,35933276,020788f9,
ndsBaseFTDisplayMainProcDisplay,302,3840,0,35944376,50364144,4294967247,3,35933276,020788f9,
ndsResultsOamDrawGObj,302,6336,0,1,37501184,0,35917820,24,020775d9,
ndsResultsOamDrawGObj,302,3520,0,1,37537632,27,0,24,020775d9,
ndsResultsOamDrawGObj,302,3200,0,1,37546088,27,0,24,020775d9,
ndsResultsOamDrawGObj,302,3008,0,1,37575424,27,0,24,020775d9,
ndsResultsOamDrawGObj,302,15168,0,1,37493960,29,0,24,020775d9,
ndsResultsOamDrawGObj,302,15296,0,1,37494656,29,0,24,020775d9,
ndsResultsOamDrawGObj,302,14720,0,1,37495352,31,0,24,020775d9,
ndsResultsOamDrawGObj,302,25024,0,1,37580680,31,0,24,020775d9,
ndsResultsOamDrawGObj,302,18176,0,1,37581712,31,0,24,020775d9,
ndsResultsOamDrawGObj,302,22016,0,1,37582408,31,0,24,020775d9,
ndsResultsOamDrawGObj,302,22272,0,1,37583352,31,0,24,020775d9,
ndsResultsOamDrawGObj,302,27968,0,1,37584160,31,0,24,020775d9,
ndsBaseFTDisplayMainProcDisplay,303,3008,0,35944376,50363328,4294967247,0,35933276,020788f9,
ndsBaseFTDisplayMainProcDisplay,303,4992,0,35944376,50363600,4294967247,1,35933276,020788f9,
ndsBaseFTDisplayMainProcDisplay,303,3392,0,35944376,50363872,4294967247,2,35933276,020788f9,
ndsBaseFTDisplayMainProcDisplay,303,4480,0,35944376,50364144,4294967247,3,35933276,020788f9,
ndsResultsOamDrawGObj,303,6272,0,1,37501184,0,35917820,24,020775d9,
ndsResultsOamDrawGObj,303,3584,0,1,37537632,27,0,24,020775d9,
ndsResultsOamDrawGObj,303,3008,0,1,37546088,27,0,24,020775d9,
ndsResultsOamDrawGObj,303,3008,0,1,37575424,27,0,24,020775d9,
ndsResultsOamDrawGObj,303,15040,0,1,37493960,29,0,24,020775d9,
ndsResultsOamDrawGObj,303,14912,0,1,37494656,29,0,24,020775d9,
ndsResultsOamDrawGObj,303,14784,0,1,37495352,31,0,24,020775d9,
ndsResultsOamDrawGObj,303,24896,0,1,37580680,31,0,24,020775d9,
ndsResultsOamDrawGObj,303,18496,0,1,37581712,31,0,24,020775d9,
ndsResultsOamDrawGObj,303,22400,0,1,37582408,31,0,24,020775d9,
ndsResultsOamDrawGObj,303,22720,0,1,37583352,31,0,24,020775d9,
ndsResultsOamDrawGObj,303,28608,0,1,37584160,31,0,24,020775d9,
