tic,vblanks,present_interval,recorder_interval,update_ticks,audio_record_ticks,draw_ticks,present_ticks,total_ticks,storage_wait_ticks,storage_requests,storage_bytes,payload_reads,stream_reads,stream_ticks,update_wait_ticks,update_requests,audio_wait_ticks,audio_requests,draw_wait_ticks,draw_requests,present_wait_ticks,present_requests
1,33,,,6556608,5760,11578560,424512,18565440,4527680,648,121640,182,4,111680,3973568,574,0,0,554112,74,0,0
2,2,2,22,104768,12672,456576,415872,989888,0,1,14112,0,0,0,0,1,0,0,0,0,0,0
3,1,1,2,63040,3648,216768,276608,560064,0,0,0,0,0,0,0,0,0,0,0,0,0,0
4,1,1,1,63360,3648,215744,277376,560128,0,0,0,0,0,0,0,0,0,0,0,0,0,0
5,1,1,1,65792,3648,217152,273600,560192,0,0,0,0,0,0,0,0,0,0,0,0,0,0
6,1,1,1,63744,3712,216576,276224,560256,0,0,0,0,0,0,0,0,0,0,0,0,0,0
7,1,1,1,64192,3712,215232,276928,560064,0,0,0,0,0,0,0,0,0,0,0,0,0,0
8,1,1,1,66432,3648,216064,273984,560128,0,0,0,0,0,0,0,0,0,0,0,0,0,0
9,1,1,1,66176,3648,215296,274880,560000,0,0,0,0,0,0,0,0,0,0,0,0,0,0
10,1,1,1,68160,3840,217088,271232,560320,0,0,0,0,0,0,0,0,0,0,0,0,0,0
11,1,1,1,63552,3712,216192,276672,560128,0,0,0,0,0,0,0,0,0,0,0,0,0,0
12,1,1,1,66688,3776,216576,273088,560128,0,0,0,0,0,0,0,0,0,0,0,0,0,0
13,1,1,1,64896,3584,216576,275200,560256,0,0,0,0,0,0,0,0,0,0,0,0,0,0
14,1,1,1,66240,3648,216256,274048,560192,0,0,0,0,0,0,0,0,0,0,0,0,0,0
15,1,1,1,67904,3712,215808,272640,560064,0,0,0,0,0,0,0,0,0,0,0,0,0,0
16,1,1,1,65216,3712,216384,274880,560192,0,0,0,0,0,0,0,0,0,0,0,0,0,0
17,1,1,1,63232,3712,217664,275584,560192,0,0,0,0,0,0,0,0,0,0,0,0,0,0
18,1,1,1,65152,3712,216640,274624,560128,0,0,0,0,0,0,0,0,0,0,0,0,0,0
19,1,1,1,65472,3648,216320,274688,560128,0,0,0,0,0,0,0,0,0,0,0,0,0,0
20,1,1,1,70080,3584,217216,269312,560192,0,0,0,0,0,0,0,0,0,0,0,0,0,0
21,1,1,1,64448,3712,216320,275776,560256,0,0,0,0,0,0,0,0,0,0,0,0,0,0
22,1,1,1,66048,3776,215424,274688,559936,0,0,0,0,0,0,0,0,0,0,0,0,0,0
23,1,1,1,64832,3648,217152,274560,560192,0,0,0,0,0,0,0,0,0,0,0,0,0,0
24,1,1,1,65216,3712,217152,274048,560128,0,0,0,0,0,0,0,0,0,0,0,0,0,0
25,1,1,1,66944,3648,214592,274944,560128,0,0,0,0,0,0,0,0,0,0,0,0,0,0
26,1,1,1,64960,3712,216320,275136,560128,0,0,0,0,0,0,0,0,0,0,0,0,0,0
27,1,1,1,65216,3712,217984,273216,560128,0,0,0,0,0,0,0,0,0,0,0,0,0,0
28,1,1,1,67264,3584,216384,272960,560192,0,0,0,0,0,0,0,0,0,0,0,0,0,0
29,1,1,1,67456,3584,215936,273152,560128,0,0,0,0,0,0,0,0,0,0,0,0,0,0
30,1,1,1,71424,3712,231296,254400,560832,0,0,0,0,0,0,0,0,0,0,0,0,0,0
31,1,1,1,64064,3648,228736,263680,560128,0,0,0,0,0,0,0,0,0,0,0,0,0,0
32,1,1,1,67136,3648,231424,257984,560192,0,0,0,0,0,0,0,0,0,0,0,0,0,0
33,1,1,1,63424,3648,230272,262720,560064,0,0,0,0,0,0,0,0,0,0,0,0,0,0
34,1,1,1,65216,3776,230336,260800,560128,0,0,0,0,0,0,0,0,0,0,0,0,0,0
35,1,1,1,67712,3712,230144,258624,560192,0,0,0,0,0,0,0,0,0,0,0,0,0,0
36,1,1,1,64640,3712,229952,261952,560256,0,0,0,0,0,0,0,0,0,0,0,0,0,0
37,1,1,1,64896,3584,231104,260480,560064,0,0,0,0,0,0,0,0,0,0,0,0,0,0
38,1,1,1,66944,3584,230016,259648,560192,0,0,0,0,0,0,0,0,0,0,0,0,0,0
39,1,1,1,67520,3648,231744,257152,560064,0,0,0,0,0,0,0,0,0,0,0,0,0,0
40,1,1,1,79360,3712,228800,248320,560192,0,0,0,0,0,0,0,0,0,0,0,0,0,0
41,1,1,1,66432,3776,230016,259904,560128,0,0,0,0,0,0,0,0,0,0,0,0,0,0
42,1,1,1,67008,3712,230272,259136,560128,0,0,0,0,0,0,0,0,0,0,0,0,0,0
43,1,1,1,63872,3648,229376,263296,560192,0,0,0,0,0,0,0,0,0,0,0,0,0,0
44,1,1,1,65408,3840,228864,262080,560192,0,0,0,0,0,0,0,0,0,0,0,0,0,0
45,1,1,1,67328,3712,218432,270144,559616,0,0,0,0,0,0,0,0,0,0,0,0,0,0
46,1,1,1,65792,3712,217728,272832,560064,0,0,0,0,0,0,0,0,0,0,0,0,0,0
47,1,1,1,64832,3648,217600,274048,560128,0,0,0,0,0,0,0,0,0,0,0,0,0,0
48,1,1,1,65984,3776,219904,270528,560192,0,0,0,0,0,0,0,0,0,0,0,0,0,0
49,1,1,1,66368,3648,218944,271168,560128,0,0,0,0,0,0,0,0,0,0,0,0,0,0
50,1,1,1,67584,3712,218752,270144,560192,0,0,0,0,0,0,0,0,0,0,0,0,0,0
51,1,1,1,64704,3584,219264,272576,560128,0,0,0,0,0,0,0,0,0,0,0,0,0,0
52,1,1,1,67520,3648,218304,270592,560064,0,0,0,0,0,0,0,0,0,0,0,0,0,0
53,1,1,1,63104,3648,217856,275648,560256,0,0,0,0,0,0,0,0,0,0,0,0,0,0
54,1,1,1,65920,3648,216960,273664,560192,0,0,0,0,0,0,0,0,0,0,0,0,0,0
55,1,1,1,67456,3648,218368,270656,560128,0,0,0,0,0,0,0,0,0,0,0,0,0,0
56,1,1,1,65664,3776,217024,273728,560192,0,0,0,0,0,0,0,0,0,0,0,0,0,0
57,1,1,1,64192,3584,217920,274432,560128,0,0,0,0,0,0,0,0,0,0,0,0,0,0
58,1,1,1,66112,3584,219264,271168,560128,0,0,0,0,0,0,0,0,0,0,0,0,0,0
59,1,1,1,68032,3712,220160,268288,560192,0,0,0,0,0,0,0,0,0,0,0,0,0,0
60,4,4,1,99904,3648,1604736,532544,2240832,0,0,0,0,0,0,0,0,0,0,0,0,0,0
61,1,1,4,64768,3648,261248,230464,560128,0,0,0,0,0,0,0,0,0,0,0,0,0,0
62,1,1,1,65856,3712,262464,228160,560192,0,0,0,0,0,0,0,0,0,0,0,0,0,0
63,1,1,1,63296,3648,260608,232512,560064,0,0,0,0,0,0,0,0,0,0,0,0,0,0
64,1,1,1,62464,3648,261632,232448,560192,0,0,0,0,0,0,0,0,0,0,0,0,0,0
65,1,1,1,65216,3712,262208,228992,560128,0,0,0,0,0,0,0,0,0,0,0,0,0,0
66,1,1,1,63808,3648,262464,230336,560256,0,0,0,0,0,0,0,0,0,0,0,0,0,0
67,1,1,1,65088,3584,262976,228352,560000,0,0,0,0,0,0,0,0,0,0,0,0,0,0
68,1,1,1,65920,3712,263168,227392,560192,0,0,0,0,0,0,0,0,0,0,0,0,0,0
69,1,1,1,66304,3648,261248,229056,560256,0,0,0,0,0,0,0,0,0,0,0,0,0,0
70,1,1,1,68480,3648,261952,226176,560256,0,0,0,0,0,0,0,0,0,0,0,0,0,0
71,1,1,1,117568,3968,349632,88896,560064,0,2,0,0,0,0,0,2,0,0,0,0,0,0
72,1,1,1,67648,18368,261056,213120,560192,0,0,46432,0,0,0,0,0,0,0,0,0,0,0
73,1,1,1,64704,3840,263040,228480,560064,0,0,0,0,0,0,0,0,0,0,0,0,0,0
74,1,1,1,66688,3776,262784,226816,560064,0,0,0,0,0,0,0,0,0,0,0,0,0,0
75,1,1,1,69120,3648,262592,224768,560128,0,0,0,0,0,0,0,0,0,0,0,0,0,0
76,1,1,1,65600,3776,261376,229376,560128,0,0,0,0,0,0,0,0,0,0,0,0,0,0
77,1,1,1,64384,3712,261888,230208,560192,0,0,0,0,0,0,0,0,0,0,0,0,0,0
78,1,1,1,66880,3840,261568,227840,560128,0,0,0,0,0,0,0,0,0,0,0,0,0,0
79,1,1,1,67584,3776,260800,227968,560128,0,0,0,0,0,0,0,0,0,0,0,0,0,0
80,2,2,1,88640,3712,867904,160128,1120384,0,0,0,0,0,0,0,0,0,0,0,0,0,0
81,1,1,2,65984,3840,279808,210368,560000,0,0,0,0,0,0,0,0,0,0,0,0,0,0
82,1,1,1,66240,3712,280192,210048,560192,0,0,0,0,0,0,0,0,0,0,0,0,0,0
83,1,1,1,64192,3712,280512,211776,560192,0,0,0,0,0,0,0,0,0,0,0,0,0,0
84,1,1,1,64960,3840,280960,210304,560064,0,0,0,0,0,0,0,0,0,0,0,0,0,0
85,1,1,1,67136,3776,280960,208384,560256,0,0,0,0,0,0,0,0,0,0,0,0,0,0
86,1,1,1,65024,3776,279360,211840,560000,0,0,0,0,0,0,0,0,0,0,0,0,0,0
87,1,1,1,66176,3840,279680,210560,560256,0,0,0,0,0,0,0,0,0,0,0,0,0,0
88,1,1,1,66688,3840,279616,209856,560000,0,0,0,0,0,0,0,0,0,0,0,0,0,0
89,1,1,1,66624,3904,280640,209152,560320,0,0,0,0,0,0,0,0,0,0,0,0,0,0
90,1,1,1,69504,3776,279488,207232,560000,0,0,0,0,0,0,0,0,0,0,0,0,0,0
91,1,1,1,64128,3776,280384,211968,560256,0,0,0,0,0,0,0,0,0,0,0,0,0,0
92,1,1,1,67456,3776,280384,208512,560128,0,0,0,0,0,0,0,0,0,0,0,0,0,0
93,1,1,1,64192,3776,280064,212096,560128,0,0,0,0,0,0,0,0,0,0,0,0,0,0
94,1,1,1,65536,3712,278848,212032,560128,0,0,0,0,0,0,0,0,0,0,0,0,0,0
95,1,1,1,67200,3776,278272,210816,560064,0,0,0,0,0,0,0,0,0,0,0,0,0,0
96,1,1,1,64896,3776,278848,212608,560128,0,0,0,0,0,0,0,0,0,0,0,0,0,0
97,1,1,1,64064,3712,279744,212672,560192,0,0,0,0,0,0,0,0,0,0,0,0,0,0
98,1,1,1,65216,3776,279424,211648,560064,0,0,0,0,0,0,0,0,0,0,0,0,0,0
99,1,1,1,65984,3712,281024,209536,560256,0,0,0,0,0,0,0,0,0,0,0,0,0,0
100,1,1,1,70336,3904,279296,206592,560128,0,0,0,0,0,0,0,0,0,0,0,0,0,0
101,1,1,1,64128,3712,280640,211648,560128,0,0,0,0,0,0,0,0,0,0,0,0,0,0
102,1,1,1,66496,3648,280384,209536,560064,0,0,0,0,0,0,0,0,0,0,0,0,0,0
103,1,1,1,65472,3776,280192,210752,560192,0,0,0,0,0,0,0,0,0,0,0,0,0,0
104,1,1,1,66048,3776,278400,211840,560064,0,0,0,0,0,0,0,0,0,0,0,0,0,0
105,1,1,1,68608,3904,279744,207936,560192,0,0,0,0,0,0,0,0,0,0,0,0,0,0
106,1,1,1,66368,3776,279680,210240,560064,0,0,0,0,0,0,0,0,0,0,0,0,0,0
107,1,1,1,65536,3776,279744,211264,560320,0,0,0,0,0,0,0,0,0,0,0,0,0,0
108,1,1,1,66560,3776,279232,210368,559936,0,0,0,0,0,0,0,0,0,0,0,0,0,0
109,1,1,1,67072,3904,279616,209536,560128,0,0,0,0,0,0,0,0,0,0,0,0,0,0
110,1,1,1,67264,3840,279616,209536,560256,0,0,0,0,0,0,0,0,0,0,0,0,0,0
111,1,1,1,65280,3776,278976,212032,560064,0,0,0,0,0,0,0,0,0,0,0,0,0,0
112,1,1,1,68224,3712,279936,208256,560128,0,0,0,0,0,0,0,0,0,0,0,0,0,0
113,1,1,1,63616,3776,279936,212928,560256,0,0,0,0,0,0,0,0,0,0,0,0,0,0
114,1,1,1,65920,3648,280640,209920,560128,0,0,0,0,0,0,0,0,0,0,0,0,0,0
115,1,1,1,67392,3776,280576,208384,560128,0,0,0,0,0,0,0,0,0,0,0,0,0,0
116,1,1,1,65152,3840,280000,211136,560128,0,0,0,0,0,0,0,0,0,0,0,0,0,0
117,1,1,1,65088,3776,280320,210944,560128,0,0,0,0,0,0,0,0,0,0,0,0,0,0
118,1,1,1,67392,3712,279232,209792,560128,0,0,0,0,0,0,0,0,0,0,0,0,0,0
119,1,1,1,71488,3840,280448,204416,560192,0,0,0,0,0,0,0,0,0,0,0,0,0,0
120,1,1,1,94336,3776,278976,183040,560128,0,0,0,0,0,0,0,0,0,0,0,0,0,0
121,1,1,1,66688,3840,281152,208384,560064,0,0,0,0,0,0,0,0,0,0,0,0,0,0
122,1,1,1,65024,3840,280832,210496,560192,0,0,0,0,0,0,0,0,0,0,0,0,0,0
123,1,1,1,62784,3840,278208,215232,560064,0,0,0,0,0,0,0,0,0,0,0,0,0,0
124,1,1,1,63296,3840,279616,213312,560064,0,0,0,0,0,0,0,0,0,0,0,0,0,0
125,1,1,1,65600,3776,281216,209600,560192,0,0,0,0,0,0,0,0,0,0,0,0,0,0
126,1,1,1,63360,3584,280448,212736,560128,0,0,0,0,0,0,0,0,0,0,0,0,0,0
127,1,1,1,64512,3840,279552,212288,560192,0,0,0,0,0,0,0,0,0,0,0,0,0,0
128,1,1,1,66368,3776,280192,209792,560128,0,0,0,0,0,0,0,0,0,0,0,0,0,0
129,1,1,1,66368,3712,281280,208832,560192,0,0,0,0,0,0,0,0,0,0,0,0,0,0
130,1,1,1,67904,3904,280128,208256,560192,0,0,0,0,0,0,0,0,0,0,0,0,0,0
131,1,1,1,64768,3776,280640,211136,560320,0,0,0,0,0,0,0,0,0,0,0,0,0,0
132,1,1,1,67328,3712,279680,209152,559872,0,0,0,0,0,0,0,0,0,0,0,0,0,0
133,1,1,1,64384,3840,280448,211584,560256,0,0,0,0,0,0,0,0,0,0,0,0,0,0
134,1,1,1,66304,3840,279936,209984,560064,0,0,0,0,0,0,0,0,0,0,0,0,0,0
135,1,1,1,68672,5056,279488,206976,560192,0,0,0,0,0,0,0,0,0,0,0,0,0,0
136,1,1,1,65216,5376,279680,209920,560192,0,0,0,0,0,0,0,0,0,0,0,0,0,0
137,1,1,1,63744,4928,280896,210560,560128,0,0,0,0,0,0,0,0,0,0,0,0,0,0
138,1,1,1,65792,5056,278976,210304,560128,0,0,0,0,0,0,0,0,0,0,0,0,0,0
139,1,1,1,66624,5312,280000,208256,560192,0,0,0,0,0,0,0,0,0,0,0,0,0,0
140,1,1,1,70080,3712,280128,206336,560256,0,0,0,0,0,0,0,0,0,0,0,0,0,0
141,1,1,1,64000,3648,281024,211392,560064,0,0,0,0,0,0,0,0,0,0,0,0,0,0
142,1,1,1,66624,3712,280896,209024,560256,0,0,0,0,0,0,0,0,0,0,0,0,0,0
143,1,1,1,64192,3712,280576,211648,560128,0,0,0,0,0,0,0,0,0,0,0,0,0,0
144,1,1,1,65600,3648,278912,212160,560320,0,0,0,0,0,0,0,0,0,0,0,0,0,0
145,1,1,1,67200,3584,281088,208256,560128,0,0,0,0,0,0,0,0,0,0,0,0,0,0
146,1,1,1,64576,3648,280448,211456,560128,0,0,0,0,0,0,0,0,0,0,0,0,0,0
147,1,1,1,65152,3648,281152,210240,560192,0,0,0,0,0,0,0,0,0,0,0,0,0,0
148,1,1,1,66880,3712,280128,209536,560256,0,0,0,0,0,0,0,0,0,0,0,0,0,0
149,1,1,1,67584,3712,280960,207616,559872,0,0,0,0,0,0,0,0,0,0,0,0,0,0
150,1,1,1,69632,3648,280192,206784,560256,0,0,0,0,0,0,0,0,0,0,0,0,0,0
151,1,1,1,64704,3648,280832,211008,560192,0,0,0,0,0,0,0,0,0,0,0,0,0,0
152,1,1,1,67520,3648,278656,210304,560128,0,0,0,0,0,0,0,0,0,0,0,0,0,0
153,1,1,1,64704,3648,279936,211776,560064,0,0,0,0,0,0,0,0,0,0,0,0,0,0
154,1,1,1,65920,3712,279872,210688,560192,0,0,0,0,0,0,0,0,0,0,0,0,0,0
155,1,1,1,67520,3712,279232,209728,560192,0,0,0,0,0,0,0,0,0,0,0,0,0,0
156,1,1,1,65088,3776,279040,212224,560128,0,0,0,0,0,0,0,0,0,0,0,0,0,0
157,1,1,1,65664,3648,281216,209664,560192,0,0,0,0,0,0,0,0,0,0,0,0,0,0
158,1,1,1,66304,3712,281344,208832,560192,0,0,0,0,0,0,0,0,0,0,0,0,0,0
159,1,1,1,69824,3648,281792,204864,560128,0,0,0,0,0,0,0,0,0,0,0,0,0,0
160,1,1,1,88000,3712,281984,186496,560192,0,0,0,0,0,0,0,0,0,0,0,0,0,0
161,1,1,1,66624,3648,281984,207936,560192,0,0,0,0,0,0,0,0,0,0,0,0,0,0
162,1,1,1,66816,3712,279360,210176,560064,0,0,0,0,0,0,0,0,0,0,0,0,0,0
163,1,1,1,64704,3712,281024,210752,560192,0,0,0,0,0,0,0,0,0,0,0,0,0,0
164,1,1,1,65600,3648,281216,209600,560064,0,0,0,0,0,0,0,0,0,0,0,0,0,0
165,1,1,1,67712,3648,279040,209856,560256,0,0,0,0,0,0,0,0,0,0,0,0,0,0
166,1,1,1,65600,3648,281024,209792,560064,0,0,0,0,0,0,0,0,0,0,0,0,0,0
167,1,1,1,65216,3712,280000,211136,560064,0,0,0,0,0,0,0,0,0,0,0,0,0,0
168,1,1,1,66176,3712,279872,210432,560192,0,0,0,0,0,0,0,0,0,0,0,0,0,0
169,1,1,1,66432,3584,278272,211904,560192,0,0,0,0,0,0,0,0,0,0,0,0,0,0
170,1,1,1,67520,3712,279680,209216,560128,0,0,0,0,0,0,0,0,0,0,0,0,0,0
171,1,1,1,64768,3712,279232,212480,560192,0,0,0,0,0,0,0,0,0,0,0,0,0,0
172,1,1,1,67328,3712,280064,209024,560128,0,0,0,0,0,0,0,0,0,0,0,0,0,0
173,1,1,1,63552,3712,280576,212352,560192,0,0,0,0,0,0,0,0,0,0,0,0,0,0
174,1,1,1,65472,3712,279744,211392,560320,0,0,0,0,0,0,0,0,0,0,0,0,0,0
175,1,1,1,67840,3584,279168,209408,560000,0,0,0,0,0,0,0,0,0,0,0,0,0,0
176,1,1,1,65536,3648,279616,211392,560192,0,0,0,0,0,0,0,0,0,0,0,0,0,0
177,1,1,1,64384,3712,280256,211840,560192,0,0,0,0,0,0,0,0,0,0,0,0,0,0
178,1,1,1,66752,3648,281088,208640,560128,0,0,0,0,0,0,0,0,0,0,0,0,0,0
179,1,1,1,68032,3648,280064,208512,560256,0,0,0,0,0,0,0,0,0,0,0,0,0,0
180,1,1,1,78656,3648,280576,197184,560064,0,0,0,0,0,0,0,0,0,0,0,0,0,0
181,1,1,1,65024,3712,280640,210752,560128,0,0,0,0,0,0,0,0,0,0,0,0,0,0
182,1,1,1,66112,3712,280000,210432,560256,0,0,0,0,0,0,0,0,0,0,0,0,0,0
183,1,1,1,63552,3712,279808,212992,560064,0,0,0,0,0,0,0,0,0,0,0,0,0,0
184,1,1,1,63552,3648,280128,212864,560192,0,0,0,0,0,0,0,0,0,0,0,0,0,0
185,1,1,1,65664,3584,279680,211136,560064,0,0,0,0,0,0,0,0,0,0,0,0,0,0
186,1,1,1,64000,3584,280704,211840,560128,0,0,0,0,0,0,0,0,0,0,0,0,0,0
187,1,1,1,65600,3584,281088,209856,560128,0,0,0,0,0,0,0,0,0,0,0,0,0,0
188,1,1,1,66432,3648,279680,210368,560128,0,0,0,0,0,0,0,0,0,0,0,0,0,0
189,1,1,1,67264,3776,280384,208896,560320,0,0,0,0,0,0,0,0,0,0,0,0,0,0
190,1,1,1,68032,3712,279936,208384,560064,0,0,0,0,0,0,0,0,0,0,0,0,0,0
191,1,1,1,64704,3648,280320,211520,560192,0,0,0,0,0,0,0,0,0,0,0,0,0,0
192,1,1,1,67712,3648,279744,208960,560064,0,0,0,0,0,0,0,0,0,0,0,0,0,0
193,1,1,1,64576,3712,280384,211456,560128,0,0,0,0,0,0,0,0,0,0,0,0,0,0
194,1,1,1,66496,3712,279040,210880,560128,0,0,0,0,0,0,0,0,0,0,0,0,0,0
195,1,1,1,69440,3712,279168,207808,560128,0,0,0,0,0,0,0,0,0,0,0,0,0,0
196,1,1,1,65152,3648,280896,210688,560384,0,0,0,0,0,0,0,0,0,0,0,0,0,0
197,1,1,1,64640,3712,280448,211200,560000,0,0,0,0,0,0,0,0,0,0,0,0,0,0
198,1,1,1,67264,3584,279552,209728,560128,0,0,0,0,0,0,0,0,0,0,0,0,0,0
199,1,1,1,67904,3712,279872,208640,560128,0,0,0,0,0,0,0,0,0,0,0,0,0,0
200,1,1,1,79232,3648,280768,196544,560192,0,0,0,0,0,0,0,0,0,0,0,0,0,0
201,1,1,1,65856,3712,280832,209792,560192,0,0,0,0,0,0,0,0,0,0,0,0,0,0
202,1,1,1,66112,3648,280960,209344,560064,0,0,0,0,0,0,0,0,0,0,0,0,0,0
203,1,1,1,64320,3712,280576,211584,560192,0,0,0,0,0,0,0,0,0,0,0,0,0,0
204,1,1,1,64768,3584,281408,210432,560192,0,0,0,0,0,0,0,0,0,0,0,0,0,0
205,1,1,1,67008,3648,279360,210112,560128,0,0,0,0,0,0,0,0,0,0,0,0,0,0
206,1,1,1,64704,3648,278848,212800,560000,0,0,0,0,0,0,0,0,0,0,0,0,0,0
207,1,1,1,65536,3712,281280,209664,560192,0,0,0,0,0,0,0,0,0,0,0,0,0,0
208,1,1,1,66944,3648,280128,209472,560192,0,0,0,0,0,0,0,0,0,0,0,0,0,0
209,1,1,1,67072,3712,281024,208256,560064,0,0,0,0,0,0,0,0,0,0,0,0,0,0
210,1,1,1,70336,3712,279552,206592,560192,0,0,0,0,0,0,0,0,0,0,0,0,0,0
211,1,1,1,64832,3712,280256,211264,560064,0,0,0,0,0,0,0,0,0,0,0,0,0,0
212,1,1,1,67712,3712,281792,206976,560192,0,0,0,0,0,0,0,0,0,0,0,0,0,0
213,1,1,1,63680,3648,279744,212992,560064,0,0,0,0,0,0,0,0,0,0,0,0,0,0
214,1,1,1,65536,3712,279872,211008,560128,0,0,0,0,0,0,0,0,0,0,0,0,0,0
215,1,1,1,67136,3712,280512,208832,560192,0,0,0,0,0,0,0,0,0,0,0,0,0,0
216,1,1,1,64704,3584,279360,212544,560192,0,0,0,0,0,0,0,0,0,0,0,0,0,0
217,1,1,1,64128,3648,281088,211328,560192,0,0,0,0,0,0,0,0,0,0,0,0,0,0
218,1,1,1,65280,3712,281600,209600,560192,0,0,0,0,0,0,0,0,0,0,0,0,0,0
219,1,1,1,65984,3584,280256,210432,560256,0,0,0,0,0,0,0,0,0,0,0,0,0,0
220,1,1,1,69824,3712,279680,206976,560192,0,0,0,0,0,0,0,0,0,0,0,0,0,0
221,1,1,1,64448,3648,278784,213120,560000,0,0,0,0,0,0,0,0,0,0,0,0,0,0
222,1,1,1,66368,3648,279360,210816,560192,0,0,0,0,0,0,0,0,0,0,0,0,0,0
223,1,1,1,65792,3776,280704,209920,560192,0,0,0,0,0,0,0,0,0,0,0,0,0,0
224,1,1,1,65472,3648,280192,211008,560320,0,0,0,0,0,0,0,0,0,0,0,0,0,0
225,1,1,1,68864,3712,281856,205568,560000,0,0,0,0,0,0,0,0,0,0,0,0,0,0
226,1,1,1,65856,3712,280256,210368,560192,0,0,0,0,0,0,0,0,0,0,0,0,0,0
227,1,1,1,65152,3712,280128,211328,560320,0,0,0,0,0,0,0,0,0,0,0,0,0,0
228,1,1,1,66432,3584,280704,209152,559872,0,0,0,0,0,0,0,0,0,0,0,0,0,0
229,1,1,1,66432,3584,279488,210688,560192,0,0,0,0,0,0,0,0,0,0,0,0,0,0
230,1,1,1,67968,3712,279616,208960,560256,0,0,0,0,0,0,0,0,0,0,0,0,0,0
231,1,1,1,64768,3648,280576,211072,560064,0,0,0,0,0,0,0,0,0,0,0,0,0,0
232,1,1,1,67648,3584,280960,207872,560064,0,0,0,0,0,0,0,0,0,0,0,0,0,0
233,1,1,1,64768,3712,281472,210240,560192,0,0,0,0,0,0,0,0,0,0,0,0,0,0
234,1,1,1,66112,3648,281024,209472,560256,0,0,0,0,0,0,0,0,0,0,0,0,0,0
235,1,1,1,67712,3648,280064,208576,560000,0,0,0,0,0,0,0,0,0,0,0,0,0,0
236,1,1,1,64832,3712,281280,210304,560128,0,0,0,0,0,0,0,0,0,0,0,0,0,0
237,1,1,1,65664,3520,279552,211328,560064,0,0,0,0,0,0,0,0,0,0,0,0,0,0
238,1,1,1,68480,3648,280960,207104,560192,0,0,0,0,0,0,0,0,0,0,0,0,0,0
239,1,1,1,71552,3648,281984,203008,560192,0,0,0,0,0,0,0,0,0,0,0,0,0,0
240,1,1,1,94528,3712,279680,182208,560128,0,0,0,0,0,0,0,0,0,0,0,0,0,0
241,1,1,1,66560,3584,281344,208768,560256,0,0,0,0,0,0,0,0,0,0,0,0,0,0
242,1,1,1,65024,3648,281600,209792,560064,0,0,0,0,0,0,0,0,0,0,0,0,0,0
243,1,1,1,62976,3712,281856,211648,560192,0,0,0,0,0,0,0,0,0,0,0,0,0,0
244,1,1,1,63232,3648,278592,214720,560192,0,0,0,0,0,0,0,0,0,0,0,0,0,0
245,1,1,1,65792,3648,279616,211008,560064,0,0,0,0,0,0,0,0,0,0,0,0,0,0
246,1,1,1,63552,3648,279744,213248,560192,0,0,0,0,0,0,0,0,0,0,0,0,0,0
247,1,1,1,64768,3584,279616,212288,560256,0,0,0,0,0,0,0,0,0,0,0,0,0,0
248,1,1,1,66752,3648,281152,208512,560064,0,0,0,0,0,0,0,0,0,0,0,0,0,0
249,1,1,1,65984,3648,280896,209664,560192,0,0,0,0,0,0,0,0,0,0,0,0,0,0
250,1,1,1,68288,3712,279872,208320,560192,0,0,0,0,0,0,0,0,0,0,0,0,0,0
251,1,1,1,64064,3712,280896,211584,560256,0,0,0,0,0,0,0,0,0,0,0,0,0,0
252,1,1,1,67072,3712,279360,209856,560000,0,0,0,0,0,0,0,0,0,0,0,0,0,0
253,1,1,1,65024,3648,280704,210816,560192,0,0,0,0,0,0,0,0,0,0,0,0,0,0
254,1,1,1,66752,3712,280192,209472,560128,0,0,0,0,0,0,0,0,0,0,0,0,0,0
255,1,1,1,68416,3584,281216,206912,560128,0,0,0,0,0,0,0,0,0,0,0,0,0,0
256,1,1,1,65024,3712,280000,211456,560192,0,0,0,0,0,0,0,0,0,0,0,0,0,0
257,1,1,1,63552,3648,280192,212928,560320,0,0,0,0,0,0,0,0,0,0,0,0,0,0
258,1,1,1,65728,3648,280896,209792,560064,0,0,0,0,0,0,0,0,0,0,0,0,0,0
259,1,1,1,66368,3712,279680,210368,560128,0,0,0,0,0,0,0,0,0,0,0,0,0,0
260,1,1,1,70272,3648,279360,206848,560128,0,0,0,0,0,0,0,0,0,0,0,0,0,0
261,1,1,1,64512,3648,280320,211584,560064,0,0,0,0,0,0,0,0,0,0,0,0,0,0
262,1,1,1,66880,3648,279424,210368,560320,0,0,0,0,0,0,0,0,0,0,0,0,0,0
263,1,1,1,64704,3776,281472,210048,560000,0,0,0,0,0,0,0,0,0,0,0,0,0,0
264,1,1,1,64960,3712,279168,212416,560256,0,0,0,0,0,0,0,0,0,0,0,0,0,0
265,1,1,1,66944,3648,280192,209280,560064,0,0,0,0,0,0,0,0,0,0,0,0,0,0
266,1,1,1,64960,3712,280960,210496,560128,0,0,0,0,0,0,0,0,0,0,0,0,0,0
267,1,1,1,65792,3648,281024,209792,560256,0,0,0,0,0,0,0,0,0,0,0,0,0,0
268,1,1,1,67200,3648,279296,209984,560128,0,0,0,0,0,0,0,0,0,0,0,0,0,0
269,1,1,1,67584,3648,280768,208064,560064,0,0,0,0,0,0,0,0,0,0,0,0,0,0
270,1,1,1,69824,3712,279168,207488,560192,0,0,0,0,0,0,0,0,0,0,0,0,0,0
271,1,1,1,64576,3712,281536,210368,560192,0,0,0,0,0,0,0,0,0,0,0,0,0,0
272,1,1,1,67328,3648,279872,209472,560320,0,0,0,0,0,0,0,0,0,0,0,0,0,0
273,1,1,1,64320,3584,280768,211264,559936,0,0,0,0,0,0,0,0,0,0,0,0,0,0
274,1,1,1,65088,3712,279808,211520,560128,0,0,0,0,0,0,0,0,0,0,0,0,0,0
275,1,1,1,67264,3584,282752,206528,560128,0,0,0,0,0,0,0,0,0,0,0,0,0,0
276,1,1,1,64512,3648,279488,212480,560128,0,0,0,0,0,0,0,0,0,0,0,0,0,0
277,1,1,1,65856,3648,280768,209984,560256,0,0,0,0,0,0,0,0,0,0,0,0,0,0
278,1,1,1,65984,3648,280256,210112,560000,0,0,0,0,0,0,0,0,0,0,0,0,0,0
279,1,1,1,67840,3648,279936,208896,560320,0,0,0,0,0,0,0,0,0,0,0,0,0,0
280,1,1,1,80000,3712,280384,195904,560000,0,0,0,0,0,0,0,0,0,0,0,0,0,0
281,1,1,1,66944,3648,280320,209216,560128,0,0,0,0,0,0,0,0,0,0,0,0,0,0
282,1,1,1,67136,3648,280576,208896,560256,0,0,0,0,0,0,0,0,0,0,0,0,0,0
283,1,1,1,64320,3648,281344,210752,560064,0,0,0,0,0,0,0,0,0,0,0,0,0,0
284,1,1,1,65856,3648,278848,211776,560128,0,0,0,0,0,0,0,0,0,0,0,0,0,0
285,1,1,1,68032,3712,279616,208768,560128,0,0,0,0,0,0,0,0,0,0,0,0,0,0
286,1,1,1,65792,3648,279872,210816,560128,0,0,0,0,0,0,0,0,0,0,0,0,0,0
287,1,1,1,65152,3712,281216,210112,560192,0,0,0,0,0,0,0,0,0,0,0,0,0,0
288,1,1,1,66240,3648,280704,209536,560128,0,0,0,0,0,0,0,0,0,0,0,0,0,0
289,1,1,1,66688,3584,279104,211008,560384,0,0,0,0,0,0,0,0,0,0,0,0,0,0
290,1,1,1,67264,3712,279552,209344,559872,0,0,0,0,0,0,0,0,0,0,0,0,0,0
291,1,1,1,65536,3648,281216,209728,560128,0,0,0,0,0,0,0,0,0,0,0,0,0,0
292,1,1,1,67840,3648,280704,208000,560192,0,0,0,0,0,0,0,0,0,0,0,0,0,0
293,1,1,1,63488,3648,279744,213248,560128,0,0,0,0,0,0,0,0,0,0,0,0,0,0
294,1,1,1,65472,3712,279744,211264,560192,0,0,0,0,0,0,0,0,0,0,0,0,0,0
295,1,1,1,67712,3712,279552,209088,560064,0,0,0,0,0,0,0,0,0,0,0,0,0,0
296,1,1,1,65472,3648,280512,210560,560192,0,0,0,0,0,0,0,0,0,0,0,0,0,0
297,1,1,1,64192,3584,279808,212544,560128,0,0,0,0,0,0,0,0,0,0,0,0,0,0
298,1,1,1,66816,3648,281792,207936,560192,0,0,0,0,0,0,0,0,0,0,0,0,0,0
299,1,1,1,68096,3648,281344,207104,560192,0,0,0,0,0,0,0,0,0,0,0,0,0,0
300,1,1,1,79232,3712,279104,198208,560256,0,0,0,0,0,0,0,0,0,0,0,0,0,0
301,1,1,1,65024,3584,279872,211520,560000,0,0,0,0,0,0,0,0,0,0,0,0,0,0
302,1,1,1,65984,3648,278976,211648,560256,0,0,0,0,0,0,0,0,0,0,0,0,0,0
303,1,1,1,63680,3712,278592,213952,559936,0,0,0,0,0,0,0,0,0,0,0,0,0,0
304,1,1,1,63360,3584,280384,212864,560192,0,0,0,0,0,0,0,0,0,0,0,0,0,0
305,1,1,1,66240,3648,281472,208832,560192,0,0,0,0,0,0,0,0,0,0,0,0,0,0
306,1,1,1,63744,3584,280384,212416,560128,0,0,0,0,0,0,0,0,0,0,0,0,0,0
307,1,1,1,65664,3712,281408,209408,560192,0,0,0,0,0,0,0,0,0,0,0,0,0,0
308,1,1,1,65856,3648,281408,209280,560192,0,0,0,0,0,0,0,0,0,0,0,0,0,0
309,1,1,1,66432,3584,279872,210304,560192,0,0,0,0,0,0,0,0,0,0,0,0,0,0
310,1,1,1,69056,3648,279808,207552,560064,0,0,0,0,0,0,0,0,0,0,0,0,0,0
311,1,1,1,64000,3712,280640,211840,560192,0,0,0,0,0,0,0,0,0,0,0,0,0,0
312,1,1,1,67008,3776,281088,208320,560192,0,0,0,0,0,0,0,0,0,0,0,0,0,0
313,1,1,1,65280,3584,280000,211200,560064,0,0,0,0,0,0,0,0,0,0,0,0,0,0
314,1,1,1,67328,3648,279616,209664,560256,0,0,0,0,0,0,0,0,0,0,0,0,0,0
315,1,1,1,68928,3712,281920,205504,560064,0,0,0,0,0,0,0,0,0,0,0,0,0,0
316,1,1,1,65536,3712,280768,210112,560128,0,0,0,0,0,0,0,0,0,0,0,0,0,0
317,1,1,1,64960,3648,280448,211008,560064,0,0,0,0,0,0,0,0,0,0,0,0,0,0
318,1,1,1,66496,3584,281984,208128,560192,0,0,0,0,0,0,0,0,0,0,0,0,0,0
319,1,1,1,69824,3776,280448,206080,560128,0,0,0,0,0,0,0,0,0,0,0,0,0,0
320,1,1,1,87488,3648,279936,189120,560192,0,0,0,0,0,0,0,0,0,0,0,0,0,0
321,1,1,1,65792,3648,280384,210240,560064,0,0,0,0,0,0,0,0,0,0,0,0,0,0
322,1,1,1,65984,3648,280000,210560,560192,0,0,0,0,0,0,0,0,0,0,0,0,0,0
323,1,1,1,65280,3648,280128,211136,560192,0,0,0,0,0,0,0,0,0,0,0,0,0,0
324,1,1,1,65472,3648,279168,211840,560128,0,0,0,0,0,0,0,0,0,0,0,0,0,0
325,1,1,1,66688,3712,281472,208192,560064,0,0,0,0,0,0,0,0,0,0,0,0,0,0
326,1,1,1,64704,3712,280448,211328,560192,0,0,0,0,0,0,0,0,0,0,0,0,0,0
327,1,1,1,65792,3648,279552,211072,560064,0,0,0,0,0,0,0,0,0,0,0,0,0,0
328,1,1,1,66816,3584,278848,210944,560192,0,0,0,0,0,0,0,0,0,0,0,0,0,0
329,1,1,1,66624,3712,280192,209728,560256,0,0,0,0,0,0,0,0,0,0,0,0,0,0
330,1,1,1,69504,3776,278720,208064,560064,0,0,0,0,0,0,0,0,0,0,0,0,0,0
331,1,1,1,63936,3584,279936,212736,560192,0,0,0,0,0,0,0,0,0,0,0,0,0,0
332,1,1,1,66816,3968,279552,209792,560128,0,0,0,0,0,0,0,0,0,0,0,0,0,0
333,1,1,1,64448,3584,280064,212096,560192,0,0,0,0,0,0,0,0,0,0,0,0,0,0
334,1,1,1,65152,3712,280064,211200,560128,0,0,0,0,0,0,0,0,0,0,0,0,0,0
335,1,1,1,67392,3584,280192,208960,560128,0,0,0,0,0,0,0,0,0,0,0,0,0,0
336,1,1,1,64512,3648,280640,211520,560320,0,0,0,0,0,0,0,0,0,0,0,0,0,0
337,1,1,1,64640,3648,280000,211840,560128,0,0,0,0,0,0,0,0,0,0,0,0,0,0
338,1,1,1,65280,3776,279808,211264,560128,0,0,0,0,0,0,0,0,0,0,0,0,0,0
339,1,1,1,65728,3648,280128,210624,560128,0,0,0,0,0,0,0,0,0,0,0,0,0,0
340,1,1,1,70528,3712,281152,204672,560064,0,0,0,0,0,0,0,0,0,0,0,0,0,0
341,1,1,1,64064,3712,281408,211136,560320,0,0,0,0,0,0,0,0,0,0,0,0,0,0
342,1,1,1,66496,3712,280256,209600,560064,0,0,0,0,0,0,0,0,0,0,0,0,0,0
343,1,1,1,65792,3648,280128,210560,560128,0,0,0,0,0,0,0,0,0,0,0,0,0,0
344,1,1,1,65920,3712,280832,209792,560256,0,0,0,0,0,0,0,0,0,0,0,0,0,0
345,1,1,1,68992,3776,280896,206400,560064,0,0,0,0,0,0,0,0,0,0,0,0,0,0
346,1,1,1,65984,3712,279680,210688,560064,0,0,0,0,0,0,0,0,0,0,0,0,0,0
347,1,1,1,66176,3648,280320,210048,560192,0,0,0,0,0,0,0,0,0,0,0,0,0,0
348,1,1,1,66944,3648,280256,209280,560128,0,0,0,0,0,0,0,0,0,0,0,0,0,0
349,1,1,1,67328,3712,280512,208576,560128,0,0,0,0,0,0,0,0,0,0,0,0,0,0
350,1,1,1,66560,3712,281024,208896,560192,0,0,0,0,0,0,0,0,0,0,0,0,0,0
351,1,1,1,64640,3712,280512,211200,560064,0,0,0,0,0,0,0,0,0,0,0,0,0,0
352,1,1,1,67648,3712,281216,207616,560192,0,0,0,0,0,0,0,0,0,0,0,0,0,0
353,1,1,1,63680,3648,279936,212864,560128,0,0,0,0,0,0,0,0,0,0,0,0,0,0
354,1,1,1,66240,3648,279808,210496,560192,0,0,0,0,0,0,0,0,0,0,0,0,0,0
355,1,1,1,68736,3648,279808,207936,560128,0,0,0,0,0,0,0,0,0,0,0,0,0,0
356,1,1,1,65024,3648,279232,212160,560064,0,0,0,0,0,0,0,0,0,0,0,0,0,0
357,1,1,1,64960,3648,280320,211200,560128,0,0,0,0,0,0,0,0,0,0,0,0,0,0
358,1,1,1,67968,3648,280512,208064,560192,0,0,0,0,0,0,0,0,0,0,0,0,0,0
359,1,1,1,72000,3776,280448,203904,560128,0,0,0,0,0,0,0,0,0,0,0,0,0,0
360,1,1,1,94400,3584,279232,182912,560128,0,0,0,0,0,0,0,0,0,0,0,0,0,0
361,1,1,1,67136,3712,280000,209408,560256,0,0,0,0,0,0,0,0,0,0,0,0,0,0
362,1,1,1,65344,3712,280320,210688,560064,0,0,0,0,0,0,0,0,0,0,0,0,0,0
363,1,1,1,62144,3712,281152,213184,560192,0,0,0,0,0,0,0,0,0,0,0,0,0,0
364,1,1,1,63488,3648,280704,212288,560128,0,0,0,0,0,0,0,0,0,0,0,0,0,0
365,1,1,1,66048,3648,279488,210944,560128,0,0,0,0,0,0,0,0,0,0,0,0,0,0
366,1,1,1,63552,3584,281088,211968,560192,0,0,0,0,0,0,0,0,0,0,0,0,0,0
367,1,1,1,64576,3712,281280,210560,560128,0,0,0,0,0,0,0,0,0,0,0,0,0,0
368,1,1,1,66496,3648,279680,210304,560128,0,0,0,0,0,0,0,0,0,0,0,0,0,0
369,1,1,1,66176,3712,280512,209792,560192,0,0,0,0,0,0,0,0,0,0,0,0,0,0
370,1,1,1,68352,3712,279552,208512,560128,0,0,0,0,0,0,0,0,0,0,0,0,0,0
371,1,1,1,64256,3712,281600,210688,560256,0,0,0,0,0,0,0,0,0,0,0,0,0,0
372,1,1,1,67392,3712,280704,208256,560064,0,0,0,0,0,0,0,0,0,0,0,0,0,0
373,1,1,1,64384,3584,280128,212032,560128,0,0,0,0,0,0,0,0,0,0,0,0,0,0
374,1,1,1,67392,3648,279168,209920,560128,0,0,0,0,0,0,0,0,0,0,0,0,0,0
375,1,1,1,68736,3712,279552,208192,560192,0,0,0,0,0,0,0,0,0,0,0,0,0,0
376,1,1,1,65152,3776,279936,211264,560128,0,0,0,0,0,0,0,0,0,0,0,0,0,0
377,1,1,1,63680,3712,280320,212416,560128,0,0,0,0,0,0,0,0,0,0,0,0,0,0
378,1,1,1,65280,3712,280960,210176,560128,0,0,0,0,0,0,0,0,0,0,0,0,0,0
379,1,1,1,66048,3712,279232,211136,560128,0,0,0,0,0,0,0,0,0,0,0,0,0,0
380,1,1,1,70400,3776,280448,205504,560128,0,0,0,0,0,0,0,0,0,0,0,0,0,0
381,1,1,1,63936,3712,280960,211456,560064,0,0,0,0,0,0,0,0,0,0,0,0,0,0
382,1,1,1,66560,3648,279040,211008,560256,0,0,0,0,0,0,0,0,0,0,0,0,0,0
383,1,1,1,64768,3648,279488,212224,560128,0,0,0,0,0,0,0,0,0,0,0,0,0,0
384,1,1,1,64768,3776,279872,211840,560256,0,0,0,0,0,0,0,0,0,0,0,0,0,0
385,1,1,1,66944,3712,280064,209344,560064,0,0,0,0,0,0,0,0,0,0,0,0,0,0
386,1,1,1,65024,3712,279872,211520,560128,0,0,0,0,0,0,0,0,0,0,0,0,0,0
387,1,1,1,65216,3712,279168,212032,560128,0,0,0,0,0,0,0,0,0,0,0,0,0,0
388,1,1,1,67200,3648,279744,209600,560192,0,0,0,0,0,0,0,0,0,0,0,0,0,0
389,1,1,1,67584,3776,281472,207232,560064,0,0,0,0,0,0,0,0,0,0,0,0,0,0
390,1,1,1,69696,3712,279872,206848,560128,0,0,0,0,0,0,0,0,0,0,0,0,0,0
391,1,1,1,64576,3712,281216,210624,560128,0,0,0,0,0,0,0,0,0,0,0,0,0,0
392,1,1,1,68160,3712,279488,208768,560128,0,0,0,0,0,0,0,0,0,0,0,0,0,0
393,1,1,1,64832,3712,280768,210880,560192,0,0,0,0,0,0,0,0,0,0,0,0,0,0
394,1,1,1,65984,3712,279360,211008,560064,0,0,0,0,0,0,0,0,0,0,0,0,0,0
395,1,1,1,67328,3712,279296,210048,560384,0,0,0,0,0,0,0,0,0,0,0,0,0,0
396,1,1,1,64384,3648,281152,210752,559936,0,0,0,0,0,0,0,0,0,0,0,0,0,0
397,1,1,1,65856,3648,280192,210496,560192,0,0,0,0,0,0,0,0,0,0,0,0,0,0
398,1,1,1,66880,3712,280384,209152,560128,0,0,0,0,0,0,0,0,0,0,0,0,0,0
399,1,1,1,68224,3776,280064,208128,560192,0,0,0,0,0,0,0,0,0,0,0,0,0,0
400,1,1,1,79616,3712,279552,197312,560192,0,0,0,0,0,0,0,0,0,0,0,0,0,0
401,1,1,1,66816,3712,280384,209216,560128,0,0,0,0,0,0,0,0,0,0,0,0,0,0
402,1,1,1,67072,3648,279232,210176,560128,0,0,0,0,0,0,0,0,0,0,0,0,0,0
403,1,1,1,64704,3648,282112,209792,560256,0,0,0,0,0,0,0,0,0,0,0,0,0,0
404,1,1,1,65856,3712,279872,210688,560128,0,0,0,0,0,0,0,0,0,0,0,0,0,0
405,1,1,1,67584,3712,280320,208512,560128,0,0,0,0,0,0,0,0,0,0,0,0,0,0
406,1,1,1,66624,3648,282304,207744,560320,0,0,0,0,0,0,0,0,0,0,0,0,0,0
407,1,1,1,65216,3648,281728,209408,560000,0,0,0,0,0,0,0,0,0,0,0,0,0,0
408,1,1,1,66304,3776,280384,209792,560256,0,0,0,0,0,0,0,0,0,0,0,0,0,0
409,1,1,1,66304,3648,279616,210560,560128,0,0,0,0,0,0,0,0,0,0,0,0,0,0
410,1,1,1,67392,3648,278592,210368,560000,0,0,0,0,0,0,0,0,0,0,0,0,0,0
411,1,1,1,64384,3712,278272,213760,560128,0,0,0,0,0,0,0,0,0,0,0,0,0,0
412,1,1,1,67008,3712,280192,209280,560192,0,0,0,0,0,0,0,0,0,0,0,0,0,0
413,1,1,1,63552,3712,280768,212096,560128,0,0,0,0,0,0,0,0,0,0,0,0,0,0
414,1,1,1,65856,3712,279808,210752,560128,0,0,0,0,0,0,0,0,0,0,0,0,0,0
415,1,1,1,67520,3648,280832,208128,560128,0,0,0,0,0,0,0,0,0,0,0,0,0,0
416,1,1,1,65536,3712,280512,210304,560064,0,0,0,0,0,0,0,0,0,0,0,0,0,0
417,1,1,1,64512,3648,279488,212480,560128,0,0,0,0,0,0,0,0,0,0,0,0,0,0
418,1,1,1,67136,3648,278656,210816,560256,0,0,0,0,0,0,0,0,0,0,0,0,0,0
419,1,1,1,68160,3648,279616,208640,560064,0,0,0,0,0,0,0,0,0,0,0,0,0,0
420,1,1,1,78592,3776,279744,198016,560128,0,0,0,0,0,0,0,0,0,0,0,0,0,0
