frame,ALL,FTR,STG,BG,AUD,HUD,SRC,MISC,OTHR,WAIT,WORK,WORK-H
502,1680576,392384,174336,3968,3200,322432,464384,72704,247168,226944,1453632,1131200
503,1680256,226048,182272,3904,3840,322944,309120,74304,557824,538432,1141824,818880
504,1119488,229312,178240,3968,4608,1088,463424,74112,164736,145408,974080,972992
505,1119936,227968,182016,3968,3072,1024,314496,74368,313024,293440,826496,825472
506,1119552,226432,182912,3968,1344,1088,317440,74624,311744,292672,826880,825792
507,1119872,225600,182656,3904,1280,1088,310400,73216,321728,302848,817024,815936
508,1119680,226880,175552,3904,1408,960,304256,68992,337728,318720,800960,800000
509,1120000,227776,174464,3968,1408,1024,311168,70592,329600,310336,809664,808640
510,1119360,227392,175872,3968,1408,1024,265536,69312,374848,356096,763264,762240
511,1120000,228800,180352,3904,1344,1024,570368,70464,63744,44800,1075200,1074176
512,1120064,388864,180480,3968,1344,1024,420480,60480,63424,44032,1076032,1075008
513,1119744,393216,180992,3904,1280,1152,349312,60672,129216,109952,1009792,1008640
514,1119872,393408,181632,3904,1408,1088,356864,60544,121024,102080,1017792,1016704
515,1119808,393728,181120,3968,1280,1088,359296,60032,119296,100288,1019520,1018432
516,1119616,392768,178560,3968,1344,1024,357888,60096,123968,105152,1014464,1013440
517,1680256,390784,180864,4032,1408,1088,625152,59968,416960,398208,1282048,1280960
518,1680128,391936,172992,4032,1408,325440,325248,60672,398400,379200,1300928,975488
519,1119552,393472,178176,3968,1344,1088,329856,60288,151360,132544,987008,985920
520,1120000,391424,174976,3968,92480,1088,327488,59200,69376,49792,1070208,1069120
521,1119680,391296,174336,4032,1280,1024,331136,59456,157120,138304,981376,980352
522,1119744,393024,173824,3968,1280,1088,329664,59904,156992,137728,982016,980928
523,1119808,390144,172608,3840,1344,1088,332864,60672,157248,138176,981632,980544
524,1120064,392128,174720,3968,1280,1024,329472,60672,156800,137408,982656,981632
525,1119808,392832,173440,3968,1280,1088,329024,60224,157952,138752,981056,979968
526,1119936,392192,176704,4032,1408,72768,330944,63616,78272,58880,1061056,988288
527,1119488,391936,176064,3968,1344,960,340288,61056,143872,125120,994368,993408
528,1120128,392128,173056,4032,1344,1088,326784,60032,161664,142784,977344,976256
529,1119616,393408,176768,3840,1344,960,328384,60032,154880,135808,983808,982848
530,1120256,393600,174592,3904,1344,960,331584,60608,153664,134144,986112,985152
531,1119616,393152,175744,4032,1280,960,330688,60160,153600,134336,985280,984320
532,1119680,393856,171392,3904,1280,1024,330432,60608,157184,138176,981504,980480
533,1680512,394368,172480,4032,1280,323840,328896,60288,395328,375296,1305216,981376
534,1119360,390464,174848,4032,1344,1088,332160,59648,155776,136832,982528,981440
535,1119744,394880,173696,4032,1344,1024,331456,59584,153728,134848,984896,983872
536,1120256,392512,175552,4032,1344,1024,332864,58944,153984,134656,985600,984576
537,1119424,392064,172736,3968,1280,1152,330432,60864,156928,137664,981760,980608
538,1680064,390912,175616,3968,1280,960,603328,58880,445120,425856,1254208,1253248
539,1119680,392960,172672,4032,1344,1216,333568,60032,153856,134784,984896,983680
540,1119936,398528,173696,3968,1344,1088,340416,59968,140928,121856,998080,996992
541,1119872,393216,175296,4032,92288,1152,358592,59264,36032,16320,1103552,1102400
542,1119744,391680,173120,3968,1408,1088,331712,59648,157120,137984,981760,980672
543,1119936,394112,173824,3968,1344,1024,336512,59968,149184,129472,990464,989440
544,1679936,393216,172224,3968,1280,1152,605824,59776,442496,423616,1256320,1255168
545,1119808,391168,173952,4032,1408,1088,328000,60544,159616,140480,979328,978240
546,1120064,391424,173888,3968,1280,1088,330752,60096,157568,138432,981632,980544
547,1680256,389504,174528,3968,1344,321216,328256,60032,401408,381760,1298496,977280
548,1119424,391552,173248,4096,1408,960,331200,59456,157504,138432,980992,980032
549,1119680,391232,176768,4032,1344,1024,330880,60224,154176,134976,984704,983680
550,1119744,389824,173632,3904,1344,1088,330880,59200,159872,141120,978624,977536
551,1120064,388928,174016,3968,1344,1088,326592,60352,163776,144576,975488,974400
552,1120000,392064,173888,4096,1344,960,328704,60544,158400,138880,981120,980160
553,1679744,390208,175232,3968,2752,1088,470656,133056,502784,483776,1195968,1194880
554,1120192,391872,175040,4032,2752,1024,303168,133120,109184,89472,1030720,1029696
555,1119616,389888,176832,4032,2688,1024,305408,133760,105984,86656,1032960,1031936
556,1120064,389568,173248,3904,2624,70784,303296,135808,40832,21312,1098752,1027968
557,1119360,389952,175616,3968,4800,1088,301760,132608,109568,90304,1029056,1027968
558,1119808,391232,172352,4032,4736,1024,305408,77952,163072,143744,976064,975040
559,1120128,393856,175104,3968,3200,1088,300032,77504,165376,146048,974080,972992
560,1119424,392256,176000,4032,1408,960,303168,77504,164096,145472,973952,972992
561,1680448,391104,179008,3968,1280,317952,302784,78528,405824,386176,1294272,976320
562,1119360,393088,176128,3968,93376,1088,306112,77248,68352,49088,1070272,1069184
563,1120192,391168,173824,4032,1344,1024,310784,78080,159936,140736,979456,978432
564,1679872,393856,176000,3968,1408,1024,581248,77952,444416,425024,1254848,1253824
565,1119808,390016,174912,3968,1280,960,298432,77760,172480,153344,966464,965504
566,1119936,392704,174784,3904,1408,1152,297280,77632,171072,151808,968128,966976
567,1119616,393024,172800,4032,1280,1088,288256,72000,187136,167872,951744,950656
568,1119552,389760,173760,3968,1408,1088,284096,59520,205952,187008,932544,931456
569,1120192,393408,178048,3968,1280,1024,308160,60032,174272,154944,965248,964224
570,1119552,389888,182848,3904,1344,1152,391168,59712,89536,70720,1048832,1047680
571,1119936,393600,180480,3968,1344,1024,253760,60224,225536,206400,913536,912512
572,1119808,391168,181760,3968,1408,1088,255808,59712,224896,205760,914048,912960
573,1119680,391680,181760,3968,1344,960,255936,59456,224576,205504,914176,913216
574,1120128,390528,181632,3968,1280,1088,256256,59200,226176,206912,913216,912128
575,1679808,391552,182464,3904,1344,320896,445952,59392,274304,254784,1425024,1104128
576,1119552,393152,175168,4032,1344,960,253568,59328,232000,213376,906176,905216
577,1120128,391616,172928,3968,1344,1024,277824,60096,211328,192320,927808,926784
578,2240256,391424,175168,4032,4544,72064,1116480,191104,285440,266112,1974144,1902080
579,1119488,392832,176000,3904,4480,960,166848,188992,185472,166016,953472,952512
580,1120128,392192,183104,3904,4352,1024,205504,186688,143360,123840,996288,995264
581,1679808,392576,184128,3968,128320,1088,256768,186112,526848,507904,1171904,1170816
582,1119936,391680,180800,4032,4544,960,325376,145344,67200,48064,1071872,1070912
583,1119744,394112,179136,3968,2880,1024,309056,98368,131200,111808,1007936,1006912
584,1119808,392512,183104,4032,2880,1152,295872,91328,148928,129856,989952,988800
585,1119680,391488,182976,4032,2880,1088,291328,91200,154688,135552,984128,983040
586,1120320,393664,183232,4032,2944,71424,307520,93504,64000,44160,1076160,1004736
587,1119552,392128,177088,3968,4992,1152,280064,77952,182208,162816,956736,955584
588,1119616,393152,174144,4032,4928,1088,286464,79040,176768,157568,962048,960960
589,1680512,390976,175552,3968,4032,321536,286912,78016,419520,399680,1280832,959296
590,1119424,394176,177024,3904,2752,1024,289856,78784,171904,152576,966848,965824
591,1119744,397312,174976,3904,2688,1088,283136,77824,178816,159360,960384,959296
592,1119808,393536,174784,3904,2880,1024,281216,70016,192448,173376,946432,945408
593,1119744,396352,174656,3968,2752,1088,279168,59968,201792,182976,936768,935680
594,1119808,393984,174080,4032,2816,960,278848,60416,204672,185664,934144,933184
595,1119872,392960,173312,4032,2688,1024,259456,60096,226304,206912,912960,911936
596,1120128,393344,172992,3904,2880,1024,255232,59584,231168,211584,908544,907520
597,1119104,395008,174016,3968,2624,1152,236928,60608,244800,225856,893248,892096
598,1119808,393792,175104,3968,2880,1088,234368,58816,249792,230784,889024,887936
599,1119936,397312,174656,3968,2688,960,237120,60160,243072,223936,896000,895040
600,1120000,394432,175040,3904,2752,1024,237440,60416,244992,225792,894208,893184
601,1119552,395968,175424,4032,2688,1024,235264,59968,245184,225984,893568,892544
602,1680192,393920,173504,3904,128704,1024,479360,134208,365568,345856,1334336,1333312
603,2240512,393472,176448,3904,4992,318976,667200,133248,542272,522624,1717888,1398912
604,1119232,388992,175232,4032,3904,1088,309632,133248,103104,84160,1035072,1033984
605,1680192,391168,173184,4032,4992,1088,563200,134016,408512,389120,1291072,1289984
606,1119872,392704,176192,3904,5696,1024,338368,133824,68160,48896,1070976,1069952
607,1680064,392832,175552,3968,2688,1024,609344,88064,406592,387264,1292800,1291776
608,1119936,391936,176576,3968,2688,1024,387520,88832,67392,48064,1071872,1070848
609,1119552,391424,173120,3904,2688,960,374272,90048,83136,63872,1055680,1054720
610,1120192,391872,173760,3904,2688,1024,372096,89536,85312,65600,1054592,1053568
611,1119360,388928,174848,4032,2688,1088,377408,89600,80768,61504,1057856,1056768
612,1119808,393920,176256,4096,2624,1088,377728,89664,74432,54912,1064896,1063808
613,1119360,389888,174784,3904,2688,1024,383552,89408,74112,55424,1063936,1062912
614,1120448,391104,175552,3968,2560,1024,370624,88640,86976,67392,1053056,1052032
615,1119552,393664,175168,3968,2752,1152,360064,88576,94208,74816,1044736,1043584
616,1119872,389632,176000,3840,2688,71552,354624,86208,35328,15936,1103936,1032384
617,1680256,392768,175680,4032,2688,320576,358528,77760,348224,328512,1351744,1031168
618,1679616,393280,174912,3904,2752,1024,557440,85888,460416,441152,1238464,1237440
619,1119872,392000,176384,3904,4864,1088,335168,86016,120448,100992,1018880,1017792
620,1119680,393728,175936,3968,5440,1152,347008,85440,107008,87296,1032384,1031232
621,1680192,389504,175552,3968,125952,960,471424,79552,433280,414080,1266112,1265152
622,1119680,390976,173504,3968,1408,1024,348864,72960,126976,107840,1011840,1010816
623,1120256,393408,175296,4096,1408,1024,343040,73024,128960,109632,1010624,1009600
624,1119424,392704,175936,3968,1408,1152,346688,71680,125888,106944,1012480,1011328
625,1120256,391424,174784,3968,1344,1024,349376,73152,125184,105472,1014784,1013760
626,1119232,389696,174976,3968,1344,960,346560,59328,142400,123392,995840,994880
627,1120064,391488,174656,3968,1344,1088,449728,59776,38016,18752,1101312,1100224
628,1679872,392896,174848,4096,1920,1024,486016,71232,547840,529024,1150848,1149824
629,1119872,394880,177216,4032,4736,1088,309184,73280,155456,136320,983552,982464
