name,size,section,kind,srcfile,line
ndsRendererExecuteNativeFighterOwnerHierarchy,7092,.main,text,src/nds/nds_renderer_native_owners.c,254
ndsRendererExecuteNativeFighterRootHardware,6576,.main,text,src/nds/nds_renderer_native_common.c,15751
sNdsNativeFighterPackedCorners,4260,.main,rodata,src/nds/nds_native_fighter_owner.generated.inc,4724
sNdsNativeFighterDenseCorners,4260,.main,rodata,src/nds/nds_native_fighter_owner.generated.inc,2590
sNdsRendererHardwareLightShadeCache,4192,.main.bss,bss,src/nds/nds_renderer_preamble.c,6431
sNdsNativeFighterPackedCornersLow,2742,.main,rodata,src/nds/nds_native_fighter_owner.generated.inc,28374
ndsRendererSubmitHardwareTriangle,2720,.main,text,src/nds/nds_renderer_textures_effects.c,16578
ndsRendererHardwareSubmitVertex.part.0,1796,.main,text,src/nds/nds_renderer_textures_effects.c,15847
ndsRendererNativePrepareHierarchyRun.constprop.0,1576,.main,text,src/nds/nds_renderer_native_common.c,9119
ndsRendererNativePrepareDirectRun,1572,.main,text,src/nds/nds_renderer_native_common.c,369
ndsRendererHardwareClipVertexNdcDepth,764,.main,text,src/nds/nds_renderer_textures_effects.c,15707
ndsRendererHardwareSubmitNearClippedTriangle,528,.main,text,src/nds/nds_renderer_textures_effects.c,16325
ndsRendererAdapterPrepareNativeOwnerHierarchy.constprop.0,480,.main,text,src/port/renderer_adapter_matrix.c,8210
ndsRendererHardwareGetLightShadeLut,404,.main,text,src/nds/nds_renderer_textures_effects.c,1488
ndsRendererBeginNativeFighterOwner,352,.main,text,src/nds/nds_renderer_native_fighter_production.c,545
ndsRendererNativeEmitDenseRawRun,288,.main,text,src/nds/nds_renderer_native_common.c,15310
ndsRendererTransformCachedVertex,276,.main,text,src/nds/nds_renderer_dl_core.c,1217
ndsRendererNativeMatrix3Mul20p12,256,.main,text,src/nds/nds_renderer_native_common.c,17028
ndsRendererNativeVisitSourceCommand,200,.main,text,src/nds/nds_renderer_native_common.c,3140
ndsRendererHardwareSubmitVertexRawZCold,192,.main,text,src/nds/nds_renderer_textures_effects.c,15823
ndsRendererEndNativeFighterOwner,172,.main,text,src/nds/nds_renderer_native_fighter_production.c,588
ndsRendererHardwareTriangleInsideNearPlane,164,.main,text,src/nds/nds_renderer_textures_effects.c,16418
ndsRendererNativeEmitProductionRawTexturedRun,164,.main,text,src/nds/nds_renderer_native_common.c,9197
ndsRendererEnsureTransformedVertex.part.0,152,.main,text,src/nds/nds_renderer_dl_core.c,1252
ndsRendererNativeEmitProductionRawUntexturedRun,148,.main,text,src/nds/nds_renderer_native_common.c,9222
sNdsNativeFighterRunFirstCorner,142,.main,rodata,src/nds/nds_native_fighter_owner.generated.inc,6858
ndsRendererHardwareEmitClippedVertex,140,.main,text,src/nds/nds_renderer_textures_effects.c,16282
sNdsNativeFighterRunFirstCornerLow,114,.main,rodata,src/nds/nds_native_fighter_owner.generated.inc,29749
ndsRendererRecordTransformedTriangle,92,.main,text,src/nds/nds_renderer_textures_effects.c,15
sNdsNativeNFoxJointSchedule,54,.main,rodata,src/nds/nds_native_fighter_owner.generated.inc,210666
sNdsNativeNessJointSchedule,54,.main,rodata,src/nds/nds_native_fighter_owner.generated.inc,142432
sNdsNativeYoshiJointSchedule,54,.main,rodata,src/nds/nds_native_fighter_owner.generated.inc,127198
sNdsNativePikachuJointSchedule,54,.main,rodata,src/nds/nds_native_fighter_owner.generated.inc,114411
sNdsNativeFoxJointSchedule,54,.main,rodata,src/nds/nds_native_fighter_owner.generated.inc,7907
sNdsNativeNNessJointSchedule,54,.main,rodata,src/nds/nds_native_fighter_owner.generated.inc,309535
sNdsNativeNPikachuJointSchedule,54,.main,rodata,src/nds/nds_native_fighter_owner.generated.inc,288146
sNdsNativeNYoshiJointSchedule,54,.main,rodata,src/nds/nds_native_fighter_owner.generated.inc,255950
sNdsNativeNDonkeyJointSchedule,52,.main,rodata,src/nds/nds_native_fighter_owner.generated.inc,222021
sNdsNativeCaptainJointSchedule,52,.main,rodata,src/nds/nds_native_fighter_owner.generated.inc,70545
sNdsNativeDonkeyJointSchedule,52,.main,rodata,src/nds/nds_native_fighter_owner.generated.inc,56027
ndsRendererAbortNativeFighterOwner,52,.main,text,src/nds/nds_renderer_native_fighter_production.c,635
sNdsNativeBossJointSchedule,52,.main,rodata,src/nds/nds_native_fighter_owner.generated.inc,324646
sNdsNativeNCaptainJointSchedule,52,.main,rodata,src/nds/nds_native_fighter_owner.generated.inc,267327
sNdsNativeNMarioJointSchedule,50,.main,rodata,src/nds/nds_native_fighter_owner.generated.inc,199487
sNdsNativeLuigiJointSchedule,50,.main,rodata,src/nds/nds_native_fighter_owner.generated.inc,41495
sNdsNativeMarioJointSchedule,50,.main,rodata,src/nds/nds_native_fighter_owner.generated.inc,7812
ndsRendererSubmitHardwareTriangleDepthStatsCold,48,.main,text,src/nds/nds_renderer_textures_effects.c,16563
sNdsNativeSamusJointSchedule,48,.main,rodata,src/nds/nds_native_fighter_owner.generated.inc,85623
sNdsNativeNSamusJointSchedule,48,.main,rodata,src/nds/nds_native_fighter_owner.generated.inc,233165
sNdsNativeKirbyJointSchedule,46,.main,rodata,src/nds/nds_native_fighter_owner.generated.inc,171463
sNdsNativePurinJointSchedule,46,.main,rodata,src/nds/nds_native_fighter_owner.generated.inc,154610
sNdsNativeNPurinJointSchedule,46,.main,rodata,src/nds/nds_native_fighter_owner.generated.inc,298361
sNdsNativeNKirbyJointSchedule,46,.main,rodata,src/nds/nds_native_fighter_owner.generated.inc,278190
ndsRendererSubmitHardwareTriangleRawMatrixCold,36,.main,text,src/nds/nds_renderer_textures_effects.c,16545
ndsRendererHardwareSubmitVertex.constprop.0,28,.main,text,src/nds/nds_renderer_textures_effects.c,15847
ndsRendererHardwareSubmitVertexDecalCold.isra.0,20,.main,text,src/nds/nds_renderer_textures_effects.c,15835
sNdsNativeNFoxBindingJoints,18,.main,rodata,src/nds/nds_native_fighter_owner.generated.inc,210644
sNdsNativeYoshiBindingJoints,18,.main,rodata,src/nds/nds_native_fighter_owner.generated.inc,127176
sNdsNativeFoxBindingJoints,18,.main,rodata,src/nds/nds_native_fighter_owner.generated.inc,7885
sNdsNativeBossBindingJoints,18,.main,rodata,src/nds/nds_native_fighter_owner.generated.inc,324624
sNdsNativeNYoshiBindingJoints,18,.main,rodata,src/nds/nds_native_fighter_owner.generated.inc,255928
sNdsNativeCaptainBindingJoints,17,.main,rodata,src/nds/nds_native_fighter_owner.generated.inc,70524
sNdsNativePikachuBindingJoints,16,.main,rodata,src/nds/nds_native_fighter_owner.generated.inc,114391
sNdsNativeDonkeyBindingJoints,16,.main,rodata,src/nds/nds_native_fighter_owner.generated.inc,56007
sNdsNativeNDonkeyBindingJoints,15,.main,rodata,src/nds/nds_native_fighter_owner.generated.inc,222002
sNdsNativeNCaptainBindingJoints,15,.main,rodata,src/nds/nds_native_fighter_owner.generated.inc,267308
sNdsNativeNMarioBindingJoints,14,.main,rodata,src/nds/nds_native_fighter_owner.generated.inc,199469
sNdsNativeNessBindingJoints,14,.main,rodata,src/nds/nds_native_fighter_owner.generated.inc,142414
sNdsNativeSamusBindingJoints,14,.main,rodata,src/nds/nds_native_fighter_owner.generated.inc,85605
sNdsNativeLuigiBindingJoints,14,.main,rodata,src/nds/nds_native_fighter_owner.generated.inc,41477
sNdsNativeMarioBindingJoints,14,.main,rodata,src/nds/nds_native_fighter_owner.generated.inc,7794
sNdsNativeNNessBindingJoints,14,.main,rodata,src/nds/nds_native_fighter_owner.generated.inc,309517
sNdsNativeNPikachuBindingJoints,14,.main,rodata,src/nds/nds_native_fighter_owner.generated.inc,288128
sNdsNativeNSamusBindingJoints,14,.main,rodata,src/nds/nds_native_fighter_owner.generated.inc,233147
sNdsNativeKirbyBindingJoints,7,.main,rodata,src/nds/nds_native_fighter_owner.generated.inc,171452
sNdsNativePurinBindingJoints,7,.main,rodata,src/nds/nds_native_fighter_owner.generated.inc,154599
sNdsNativeNPurinBindingJoints,7,.main,rodata,src/nds/nds_native_fighter_owner.generated.inc,298350
sNdsNativeNKirbyBindingJoints,7,.main,rodata,src/nds/nds_native_fighter_owner.generated.inc,278179
ndsRendererExecuteNativeFighterRoot,4,.main,text,src/nds/nds_renderer_native_fighter_production.c,1338
sNdsRendererHardwareLightShadeCacheNext,4,.main.bss,bss,src/nds/nds_renderer_preamble.c,6433
