symbol,files
gNdsAudioAssetResidentBytes,scripts/verify-battle-mariofox-gcrunall-loop-harness.ps1
gNdsAudioBgmDirectFallbackCount,scripts/verify-p2-four-fighter-stress.ps1
gNdsAudioBgmErrorCleanupFailCount,scripts/verify-audio-bgm-results.ps1;scripts/verify-battle-mariofox-gcrunall-loop-harness.ps1
gNdsAudioBgmExpectedBytesPerSecond,scripts/verify-audio-bgm-results.ps1;scripts/verify-battle-mariofox-gcrunall-loop-harness.ps1;scripts/verify-battle-playable-fox-recovery.ps1
gNdsAudioBgmFinitePaddingBytes,scripts/verify-audio-bgm-results.ps1
gNdsAudioBgmOpenFailCount,scripts/verify-audio-bgm-results.ps1;scripts/verify-battle-mariofox-gcrunall-loop-harness.ps1;scripts/verify-battle-playable-fox-recovery.ps1
gNdsAudioBgmUnsafeWriteCount,scripts/verify-audio-bgm-results.ps1;scripts/verify-battle-mariofox-gcrunall-loop-harness.ps1;scripts/verify-battle-playable-fox-recovery.ps1
gNdsControllerPlaybackFrameCount,scripts/verify-battle-playable-camera-containment.ps1;scripts/verify-battle-playable-damagefall-recovery.ps1;scripts/verify-battle-playable-fireball-render.ps1;scripts/verify-battle-playable-platform-semantics.ps1;scripts/verify-battle-playable-throw-release-recovery.ps1
gNdsFighterBattlePlayableBattleStockFinal,scripts/verify-battle-mariofox-gcrunall-loop-harness.ps1
gNdsFighterBattlePlayableBattleStockStart,scripts/verify-battle-mariofox-gcrunall-loop-harness.ps1
gNdsFighterBattlePlayableFallAfterRebirthFrames,scripts/verify-battle-mariofox-gcrunall-loop-harness.ps1
gNdsFighterBattlePlayableFallsFinal,scripts/verify-battle-mariofox-gcrunall-loop-harness.ps1
gNdsFighterBattlePlayableFallsStart,scripts/verify-battle-mariofox-gcrunall-loop-harness.ps1
gNdsFighterBattlePlayableFinalFloor,scripts/verify-battle-mariofox-gcrunall-loop-harness.ps1
gNdsFighterBattlePlayableFinalFloorDistMilli,scripts/verify-battle-mariofox-gcrunall-loop-harness.ps1
gNdsFighterBattlePlayableFinalGA,scripts/verify-battle-mariofox-gcrunall-loop-harness.ps1
gNdsFighterBattlePlayableFinalIsGhost,scripts/verify-battle-mariofox-gcrunall-loop-harness.ps1
gNdsFighterBattlePlayableFinalIsRebirth,scripts/verify-battle-mariofox-gcrunall-loop-harness.ps1
gNdsFighterBattlePlayableFinalStatus,scripts/verify-battle-mariofox-gcrunall-loop-harness.ps1
gNdsFighterBattlePlayableFinalVelXMilli,scripts/verify-battle-mariofox-gcrunall-loop-harness.ps1
gNdsFighterBattlePlayableFinalVelYMilli,scripts/verify-battle-mariofox-gcrunall-loop-harness.ps1
gNdsFighterBattlePlayableFinalXMilli,scripts/verify-battle-mariofox-gcrunall-loop-harness.ps1
gNdsFighterBattlePlayableFinalYMilli,scripts/verify-battle-mariofox-gcrunall-loop-harness.ps1
gNdsFighterBattlePlayableKOStickFrames,scripts/verify-battle-mariofox-gcrunall-loop-harness.ps1
gNdsFighterBattlePlayableMask,scripts/verify-battle-mariofox-gcrunall-loop-harness.ps1
gNdsFighterBattlePlayableResult,scripts/verify-battle-mariofox-gcrunall-loop-harness.ps1
gNdsFighterBattlePlayableVictimSlot,scripts/probe-ko-vfx.ps1;scripts/verify-battle-mariofox-gcrunall-loop-harness.ps1
gNdsFighterBattlePlayableVictimStockFinal,scripts/probe-ko-vfx.ps1;scripts/verify-battle-mariofox-gcrunall-loop-harness.ps1
gNdsFighterBattlePlayableVictimStockStart,scripts/probe-ko-vfx.ps1;scripts/verify-battle-mariofox-gcrunall-loop-harness.ps1
gNdsFighterBattlePlayableWaitAfterRebirthFrames,scripts/verify-battle-mariofox-gcrunall-loop-harness.ps1
gNdsFighterDLAllDrawHardwareTextureBindCount,scripts/probe-ko-vfx.ps1
gNdsFighterDLAllDrawHardwareTextureReadyCount,scripts/check-gbi-decode-fixtures.ps1;scripts/probe-ko-vfx.ps1;scripts/probe-p2-fourcpu-sparse.ps1
gNdsFighterDLAllDrawHardwareTextureRejectCount,scripts/probe-ko-vfx.ps1;scripts/probe-p2-fourcpu-sparse.ps1;scripts/verify-battle-playable-camera-containment.ps1
gNdsFighterDLAllDrawHardwareTextureUploadCount,scripts/probe-ko-vfx.ps1;scripts/probe-p2-fourcpu-sparse.ps1
gNdsFighterDLAllDrawP0ScreenMaxX,scripts/verify-battle-mariofox-gcrunall-loop-harness.ps1
gNdsFighterDLAllDrawP0ScreenMaxY,scripts/verify-battle-mariofox-gcrunall-loop-harness.ps1
gNdsFighterDLAllDrawP0ScreenMinX,scripts/verify-battle-mariofox-gcrunall-loop-harness.ps1
gNdsFighterDLAllDrawP0ScreenMinY,scripts/verify-battle-mariofox-gcrunall-loop-harness.ps1
gNdsFighterDLAllDrawP1ScreenMaxX,scripts/verify-battle-mariofox-gcrunall-loop-harness.ps1
gNdsFighterDLAllDrawP1ScreenMaxY,scripts/verify-battle-mariofox-gcrunall-loop-harness.ps1
gNdsFighterDLAllDrawP1ScreenMinX,scripts/verify-battle-mariofox-gcrunall-loop-harness.ps1
gNdsFighterDLAllDrawP1ScreenMinY,scripts/verify-battle-mariofox-gcrunall-loop-harness.ps1
gNdsFighterDashRunAttackEventLastAngle,scripts/verify-battle-mariofox-gcrunall-loop-harness.ps1
gNdsFighterDashRunAttackEventLastAttackID,scripts/verify-battle-mariofox-gcrunall-loop-harness.ps1
gNdsFighterDashRunAttackEventLastBKB,scripts/verify-battle-mariofox-gcrunall-loop-harness.ps1
gNdsFighterDashRunAttackEventLastDamage,scripts/verify-battle-mariofox-gcrunall-loop-harness.ps1
gNdsFighterDashRunAttackEventLastFlags,scripts/verify-battle-mariofox-gcrunall-loop-harness.ps1
gNdsFighterDashRunAttackEventLastGroupID,scripts/verify-battle-mariofox-gcrunall-loop-harness.ps1
gNdsFighterDashRunAttackEventLastKBG,scripts/verify-battle-mariofox-gcrunall-loop-harness.ps1
gNdsFighterDashRunAttackEventLastKBW,scripts/verify-battle-mariofox-gcrunall-loop-harness.ps1
gNdsFighterDashRunAttackEventLastOffsetX,scripts/verify-battle-mariofox-gcrunall-loop-harness.ps1
gNdsFighterDashRunAttackEventLastOffsetY,scripts/verify-battle-mariofox-gcrunall-loop-harness.ps1
gNdsFighterDashRunAttackEventLastOffsetZ,scripts/verify-battle-mariofox-gcrunall-loop-harness.ps1
gNdsFighterDashRunAttackEventLastPlayer,scripts/verify-battle-mariofox-gcrunall-loop-harness.ps1
gNdsFighterDashRunAttackEventLastSize,scripts/verify-battle-mariofox-gcrunall-loop-harness.ps1
gNdsFighterDashRunAttackEventLastState,scripts/verify-battle-mariofox-gcrunall-loop-harness.ps1
gNdsFighterDashRunAttackEventLastStatus,scripts/verify-battle-mariofox-gcrunall-loop-harness.ps1
gNdsFighterDisplayContractHiddenCount,scripts/probe-yoshi-tour-full.ps1;scripts/verify-battle-mariofox-gcrunall-loop-harness.ps1
gNdsFighterDisplayContractNoTextureCount,scripts/probe-ko-vfx.ps1;scripts/probe-yoshi-tour-full.ps1;scripts/verify-battle-mariofox-gcrunall-loop-harness.ps1
gNdsFighterDonkeySpecialsHiFrames,scripts/verify-battle-mariofox-gcrunall-loop-harness.ps1
gNdsFighterDonkeySpecialsHiGroundGAFrames,scripts/verify-battle-mariofox-gcrunall-loop-harness.ps1
gNdsFighterDonkeySpecialsHiPressFrames,scripts/verify-battle-mariofox-gcrunall-loop-harness.ps1
gNdsFighterDonkeySpecialsHiWaitFrames,scripts/verify-battle-mariofox-gcrunall-loop-harness.ps1
gNdsFighterDonkeySpecialsLwEndFrames,scripts/verify-battle-mariofox-gcrunall-loop-harness.ps1
gNdsFighterDonkeySpecialsLwLoopFlagFrames,scripts/verify-battle-mariofox-gcrunall-loop-harness.ps1
gNdsFighterDonkeySpecialsLwLoopFrames,scripts/verify-battle-mariofox-gcrunall-loop-harness.ps1
gNdsFighterDonkeySpecialsLwPressFrames,scripts/verify-battle-mariofox-gcrunall-loop-harness.ps1
gNdsFighterDonkeySpecialsLwRepeatPressFrames,scripts/verify-battle-mariofox-gcrunall-loop-harness.ps1
gNdsFighterDonkeySpecialsLwStartFrames,scripts/verify-battle-mariofox-gcrunall-loop-harness.ps1
gNdsFighterDonkeySpecialsLwWaitFrames,scripts/verify-battle-mariofox-gcrunall-loop-harness.ps1
gNdsFighterDonkeySpecialsNChargePressFrames,scripts/verify-battle-mariofox-gcrunall-loop-harness.ps1
gNdsFighterDonkeySpecialsNEndFrames,scripts/verify-battle-mariofox-gcrunall-loop-harness.ps1;scripts/verify-p2-donkey-charge-presentation.ps1
gNdsFighterDonkeySpecialsNLoopFrames,scripts/verify-battle-mariofox-gcrunall-loop-harness.ps1;scripts/verify-p2-donkey-charge-presentation.ps1
gNdsFighterDonkeySpecialsNPassiveResetFrames,scripts/verify-battle-mariofox-gcrunall-loop-harness.ps1;scripts/verify-p2-donkey-charge-presentation.ps1
gNdsFighterDonkeySpecialsNReleaseChargeMax,scripts/verify-battle-mariofox-gcrunall-loop-harness.ps1
gNdsFighterDonkeySpecialsNReleaseTapFrames,scripts/verify-battle-mariofox-gcrunall-loop-harness.ps1
gNdsFighterDonkeySpecialsNReleaseWaitFrames,scripts/verify-battle-mariofox-gcrunall-loop-harness.ps1
gNdsFighterDonkeySpecialsNResumePressFrames,scripts/verify-battle-mariofox-gcrunall-loop-harness.ps1
gNdsFighterDonkeySpecialsNStartFrames,scripts/verify-battle-mariofox-gcrunall-loop-harness.ps1
gNdsFighterDonkeySpecialsNStorePressFrames,scripts/verify-battle-mariofox-gcrunall-loop-harness.ps1
gNdsFighterDonkeySpecialsNStoredChargeMax,scripts/verify-battle-mariofox-gcrunall-loop-harness.ps1;scripts/verify-p2-donkey-charge-presentation.ps1
gNdsFighterDonkeySpecialsNStoredWaitFrames,scripts/verify-battle-mariofox-gcrunall-loop-harness.ps1
gNdsFighterDonkeySpecialsSlot,scripts/verify-battle-mariofox-gcrunall-loop-harness.ps1
gNdsFighterGCRunAllLoopDeferredInterruptCheckCount,scripts/verify-battle-mariofox-gcrunall-loop-harness.ps1
gNdsFighterGCRunAllLoopDeniedStatusCount,scripts/verify-battle-mariofox-gcrunall-loop-harness.ps1
gNdsFighterGCRunAllLoopDisplayCallbackCount,scripts/verify-battle-mariofox-gcrunall-loop-harness.ps1
gNdsFighterGCRunAllLoopDisplayProbeCount,scripts/verify-battle-mariofox-gcrunall-loop-harness.ps1
gNdsFighterGCRunAllLoopDrawCallCount,scripts/verify-battle-mariofox-gcrunall-loop-harness.ps1
gNdsFighterGCRunAllLoopDrawFrameCount,scripts/verify-battle-mariofox-gcrunall-loop-harness.ps1
gNdsFighterGCRunAllLoopFallDetectCount,scripts/verify-battle-mariofox-gcrunall-loop-harness.ps1
gNdsFighterGCRunAllLoopFrameMax,scripts/verify-battle-mariofox-gcrunall-loop-harness.ps1
gNdsFighterGCRunAllLoopGADriftCount,scripts/verify-battle-mariofox-gcrunall-loop-harness.ps1
gNdsFighterGCRunAllLoopGObjCountAfter,scripts/verify-battle-mariofox-gcrunall-loop-harness.ps1
gNdsFighterGCRunAllLoopGObjCountBefore,scripts/verify-battle-mariofox-gcrunall-loop-harness.ps1
gNdsFighterGCRunAllLoopGObjDelta,scripts/verify-battle-mariofox-gcrunall-loop-harness.ps1
gNdsFighterGCRunAllLoopGameplayUpdateCount,scripts/verify-battle-mariofox-gcrunall-loop-harness.ps1
gNdsFighterGCRunAllLoopJumpAnimEndCount,scripts/verify-battle-mariofox-gcrunall-loop-harness.ps1
gNdsFighterGCRunAllLoopLandingDetectCount,scripts/verify-battle-mariofox-gcrunall-loop-harness.ps1
gNdsFighterGCRunAllLoopLandingEndCount,scripts/verify-battle-mariofox-gcrunall-loop-harness.ps1
gNdsFighterGCRunAllLoopMatrixCallCount,scripts/verify-battle-mariofox-gcrunall-loop-harness.ps1
gNdsFighterGCRunAllLoopNonTargetGObjVisitCount,scripts/verify-battle-mariofox-gcrunall-loop-harness.ps1
gNdsFighterGCRunAllLoopNonTargetProcessPauseCount,scripts/verify-battle-mariofox-gcrunall-loop-harness.ps1
gNdsFighterGCRunAllLoopOldProcessPauseCount,scripts/verify-battle-mariofox-gcrunall-loop-harness.ps1
gNdsFighterGCRunAllLoopP0ButtonHoldMask,scripts/verify-battle-mariofox-gcrunall-loop-harness.ps1
gNdsFighterGCRunAllLoopP0ButtonTapMask,scripts/verify-battle-mariofox-gcrunall-loop-harness.ps1
gNdsFighterGCRunAllLoopP0CandidateCount,scripts/verify-battle-mariofox-gcrunall-loop-harness.ps1
gNdsFighterGCRunAllLoopP0ColorChecksum,scripts/verify-battle-mariofox-gcrunall-loop-harness.ps1
gNdsFighterGCRunAllLoopP0Completed,scripts/verify-battle-mariofox-gcrunall-loop-harness.ps1
gNdsFighterGCRunAllLoopP0ControllerToFTInputCount,scripts/verify-battle-mariofox-gcrunall-loop-harness.ps1
gNdsFighterGCRunAllLoopP0DashTapEligibleCount,scripts/verify-battle-mariofox-gcrunall-loop-harness.ps1
gNdsFighterGCRunAllLoopP0DashVisitCount,scripts/verify-battle-mariofox-gcrunall-loop-harness.ps1
gNdsFighterGCRunAllLoopP0DirectFTInputWriteCount,scripts/verify-battle-mariofox-gcrunall-loop-harness.ps1
gNdsFighterGCRunAllLoopP0DisplayCallbackCount,scripts/verify-battle-mariofox-gcrunall-loop-harness.ps1
gNdsFighterGCRunAllLoopP0DrawnDObjCount,scripts/verify-battle-mariofox-gcrunall-loop-harness.ps1
gNdsFighterGCRunAllLoopP0FallVisitCount,scripts/verify-battle-mariofox-gcrunall-loop-harness.ps1
gNdsFighterGCRunAllLoopP0FloorOK,scripts/verify-battle-mariofox-gcrunall-loop-harness.ps1
gNdsFighterGCRunAllLoopP0FloorYMilli,scripts/verify-battle-mariofox-gcrunall-loop-harness.ps1
gNdsFighterGCRunAllLoopP0FrameCount,scripts/verify-battle-mariofox-gcrunall-loop-harness.ps1
gNdsFighterGCRunAllLoopP0GAFinal,scripts/verify-battle-mariofox-gcrunall-loop-harness.ps1
gNdsFighterGCRunAllLoopP0GObjProcessRunCount,scripts/verify-battle-mariofox-gcrunall-loop-harness.ps1
gNdsFighterGCRunAllLoopP0InterruptCount,scripts/verify-battle-mariofox-gcrunall-loop-harness.ps1
gNdsFighterGCRunAllLoopP0JumpButtonTapCount,scripts/verify-battle-mariofox-gcrunall-loop-harness.ps1
gNdsFighterGCRunAllLoopP0JumpVisitCount,scripts/verify-battle-mariofox-gcrunall-loop-harness.ps1
gNdsFighterGCRunAllLoopP0KneeBendVisitCount,scripts/verify-battle-mariofox-gcrunall-loop-harness.ps1
gNdsFighterGCRunAllLoopP0LandingVisitCount,scripts/verify-battle-mariofox-gcrunall-loop-harness.ps1
gNdsFighterGCRunAllLoopP0MapCount,scripts/verify-battle-mariofox-gcrunall-loop-harness.ps1
gNdsFighterGCRunAllLoopP0MotionFinal,scripts/verify-battle-mariofox-gcrunall-loop-harness.ps1
gNdsFighterGCRunAllLoopP0MotionStart,scripts/verify-battle-mariofox-gcrunall-loop-harness.ps1
gNdsFighterGCRunAllLoopP0PhysicsCount,scripts/verify-battle-mariofox-gcrunall-loop-harness.ps1
gNdsFighterGCRunAllLoopP0PlaybackApplyCount,scripts/verify-battle-mariofox-gcrunall-loop-harness.ps1
gNdsFighterGCRunAllLoopP0ProcCallbackCount,scripts/verify-battle-mariofox-gcrunall-loop-harness.ps1
gNdsFighterGCRunAllLoopP0ProcessAttachCount,scripts/verify-battle-mariofox-gcrunall-loop-harness.ps1
gNdsFighterGCRunAllLoopP0RootDeltaXMilli,scripts/verify-battle-mariofox-gcrunall-loop-harness.ps1
gNdsFighterGCRunAllLoopP0RootDirectionOK,scripts/verify-battle-mariofox-gcrunall-loop-harness.ps1
gNdsFighterGCRunAllLoopP0RootRiseMilli,scripts/verify-battle-mariofox-gcrunall-loop-harness.ps1
gNdsFighterGCRunAllLoopP0RootYFinalMilli,scripts/verify-battle-mariofox-gcrunall-loop-harness.ps1
gNdsFighterGCRunAllLoopP0RunBrakeVisitCount,scripts/verify-battle-mariofox-gcrunall-loop-harness.ps1
gNdsFighterGCRunAllLoopP0RunVisitCount,scripts/verify-battle-mariofox-gcrunall-loop-harness.ps1
gNdsFighterGCRunAllLoopP0ScreenRise,scripts/verify-battle-mariofox-gcrunall-loop-harness.ps1
gNdsFighterGCRunAllLoopP0ScreenXDelta,scripts/verify-battle-mariofox-gcrunall-loop-harness.ps1
gNdsFighterGCRunAllLoopP0ScreenXFinal,scripts/verify-battle-mariofox-gcrunall-loop-harness.ps1
gNdsFighterGCRunAllLoopP0ScreenXStart,scripts/verify-battle-mariofox-gcrunall-loop-harness.ps1
gNdsFighterGCRunAllLoopP0ScreenYFloor,scripts/verify-battle-mariofox-gcrunall-loop-harness.ps1
gNdsFighterGCRunAllLoopP0StatusFinal,scripts/verify-battle-mariofox-gcrunall-loop-harness.ps1
gNdsFighterGCRunAllLoopP0StatusStart,scripts/verify-battle-mariofox-gcrunall-loop-harness.ps1
gNdsFighterGCRunAllLoopP0StatusVisitMask,scripts/verify-battle-mariofox-gcrunall-loop-harness.ps1
gNdsFighterGCRunAllLoopP0TransitionMask,scripts/verify-battle-mariofox-gcrunall-loop-harness.ps1
gNdsFighterGCRunAllLoopP0WaitVisitCount,scripts/verify-battle-mariofox-gcrunall-loop-harness.ps1
gNdsFighterGCRunAllLoopP0WalkVisitCount,scripts/verify-battle-mariofox-gcrunall-loop-harness.ps1
gNdsFighterGCRunAllLoopP1ButtonHoldMask,scripts/verify-battle-mariofox-gcrunall-loop-harness.ps1
gNdsFighterGCRunAllLoopP1ButtonTapMask,scripts/verify-battle-mariofox-gcrunall-loop-harness.ps1
gNdsFighterGCRunAllLoopP1CandidateCount,scripts/verify-battle-mariofox-gcrunall-loop-harness.ps1
gNdsFighterGCRunAllLoopP1ColorChecksum,scripts/verify-battle-mariofox-gcrunall-loop-harness.ps1
gNdsFighterGCRunAllLoopP1Completed,scripts/verify-battle-mariofox-gcrunall-loop-harness.ps1
gNdsFighterGCRunAllLoopP1ControllerToFTInputCount,scripts/verify-battle-mariofox-gcrunall-loop-harness.ps1
gNdsFighterGCRunAllLoopP1DashTapEligibleCount,scripts/verify-battle-mariofox-gcrunall-loop-harness.ps1
gNdsFighterGCRunAllLoopP1DashVisitCount,scripts/verify-battle-mariofox-gcrunall-loop-harness.ps1
gNdsFighterGCRunAllLoopP1DirectFTInputWriteCount,scripts/verify-battle-mariofox-gcrunall-loop-harness.ps1
gNdsFighterGCRunAllLoopP1DisplayCallbackCount,scripts/verify-battle-mariofox-gcrunall-loop-harness.ps1
gNdsFighterGCRunAllLoopP1DrawnDObjCount,scripts/verify-battle-mariofox-gcrunall-loop-harness.ps1
gNdsFighterGCRunAllLoopP1FallVisitCount,scripts/verify-battle-mariofox-gcrunall-loop-harness.ps1
gNdsFighterGCRunAllLoopP1FloorOK,scripts/verify-battle-mariofox-gcrunall-loop-harness.ps1
gNdsFighterGCRunAllLoopP1FloorYMilli,scripts/verify-battle-mariofox-gcrunall-loop-harness.ps1
gNdsFighterGCRunAllLoopP1FrameCount,scripts/verify-battle-mariofox-gcrunall-loop-harness.ps1
gNdsFighterGCRunAllLoopP1GAFinal,scripts/verify-battle-mariofox-gcrunall-loop-harness.ps1
gNdsFighterGCRunAllLoopP1GObjProcessRunCount,scripts/verify-battle-mariofox-gcrunall-loop-harness.ps1
gNdsFighterGCRunAllLoopP1InterruptCount,scripts/verify-battle-mariofox-gcrunall-loop-harness.ps1
gNdsFighterGCRunAllLoopP1JumpButtonTapCount,scripts/verify-battle-mariofox-gcrunall-loop-harness.ps1
gNdsFighterGCRunAllLoopP1JumpVisitCount,scripts/verify-battle-mariofox-gcrunall-loop-harness.ps1
gNdsFighterGCRunAllLoopP1KneeBendVisitCount,scripts/verify-battle-mariofox-gcrunall-loop-harness.ps1
gNdsFighterGCRunAllLoopP1LandingVisitCount,scripts/verify-battle-mariofox-gcrunall-loop-harness.ps1
gNdsFighterGCRunAllLoopP1MapCount,scripts/verify-battle-mariofox-gcrunall-loop-harness.ps1
gNdsFighterGCRunAllLoopP1MotionFinal,scripts/verify-battle-mariofox-gcrunall-loop-harness.ps1
gNdsFighterGCRunAllLoopP1MotionStart,scripts/verify-battle-mariofox-gcrunall-loop-harness.ps1
gNdsFighterGCRunAllLoopP1PhysicsCount,scripts/verify-battle-mariofox-gcrunall-loop-harness.ps1
gNdsFighterGCRunAllLoopP1PlaybackApplyCount,scripts/verify-battle-mariofox-gcrunall-loop-harness.ps1
gNdsFighterGCRunAllLoopP1ProcCallbackCount,scripts/verify-battle-mariofox-gcrunall-loop-harness.ps1
gNdsFighterGCRunAllLoopP1ProcessAttachCount,scripts/verify-battle-mariofox-gcrunall-loop-harness.ps1
gNdsFighterGCRunAllLoopP1RootDeltaXMilli,scripts/verify-battle-mariofox-gcrunall-loop-harness.ps1
gNdsFighterGCRunAllLoopP1RootDirectionOK,scripts/verify-battle-mariofox-gcrunall-loop-harness.ps1
gNdsFighterGCRunAllLoopP1RootRiseMilli,scripts/verify-battle-mariofox-gcrunall-loop-harness.ps1
gNdsFighterGCRunAllLoopP1RootYFinalMilli,scripts/verify-battle-mariofox-gcrunall-loop-harness.ps1
gNdsFighterGCRunAllLoopP1RunBrakeVisitCount,scripts/verify-battle-mariofox-gcrunall-loop-harness.ps1
gNdsFighterGCRunAllLoopP1RunVisitCount,scripts/verify-battle-mariofox-gcrunall-loop-harness.ps1
gNdsFighterGCRunAllLoopP1ScreenRise,scripts/verify-battle-mariofox-gcrunall-loop-harness.ps1
gNdsFighterGCRunAllLoopP1ScreenXDelta,scripts/verify-battle-mariofox-gcrunall-loop-harness.ps1
gNdsFighterGCRunAllLoopP1ScreenXFinal,scripts/verify-battle-mariofox-gcrunall-loop-harness.ps1
gNdsFighterGCRunAllLoopP1ScreenXStart,scripts/verify-battle-mariofox-gcrunall-loop-harness.ps1
gNdsFighterGCRunAllLoopP1ScreenYFloor,scripts/verify-battle-mariofox-gcrunall-loop-harness.ps1
gNdsFighterGCRunAllLoopP1StatusFinal,scripts/verify-battle-mariofox-gcrunall-loop-harness.ps1
gNdsFighterGCRunAllLoopP1StatusStart,scripts/verify-battle-mariofox-gcrunall-loop-harness.ps1
gNdsFighterGCRunAllLoopP1StatusVisitMask,scripts/verify-battle-mariofox-gcrunall-loop-harness.ps1
gNdsFighterGCRunAllLoopP1TransitionMask,scripts/verify-battle-mariofox-gcrunall-loop-harness.ps1
gNdsFighterGCRunAllLoopP1WaitVisitCount,scripts/verify-battle-mariofox-gcrunall-loop-harness.ps1
gNdsFighterGCRunAllLoopP1WalkVisitCount,scripts/verify-battle-mariofox-gcrunall-loop-harness.ps1
gNdsFighterGCRunAllLoopPreviewCommitDelta,scripts/verify-battle-mariofox-gcrunall-loop-harness.ps1
gNdsFighterGCRunAllLoopPreviewHeight,scripts/verify-battle-mariofox-gcrunall-loop-harness.ps1
gNdsFighterGCRunAllLoopPreviewPitch,scripts/verify-battle-mariofox-gcrunall-loop-harness.ps1
gNdsFighterGCRunAllLoopPreviewReady,scripts/verify-battle-mariofox-gcrunall-loop-harness.ps1
gNdsFighterGCRunAllLoopPreviewWidth,scripts/verify-battle-mariofox-gcrunall-loop-harness.ps1
gNdsFighterGCRunAllLoopProcessAttachEscapeCount,scripts/verify-battle-mariofox-gcrunall-loop-harness.ps1
gNdsFighterGCRunAllLoopRootYDriftCount,scripts/verify-battle-mariofox-gcrunall-loop-harness.ps1
gNdsFighterGCRunAllLoopRunBrakeEndCount,scripts/verify-battle-mariofox-gcrunall-loop-harness.ps1
gNdsFighterGCRunAllLoopSetAirCount,scripts/verify-battle-mariofox-gcrunall-loop-harness.ps1
gNdsFighterGCRunAllLoopSetGroundCount,scripts/verify-battle-mariofox-gcrunall-loop-harness.ps1
gNdsFighterGCRunAllLoopTargetProcessPreserveCount,scripts/verify-battle-mariofox-gcrunall-loop-harness.ps1
gNdsFighterGCRunAllLoopTotalPixelCount,scripts/verify-battle-mariofox-gcrunall-loop-harness.ps1
gNdsFighterGCRunAllLoopUnexpectedStatusCount,scripts/verify-battle-mariofox-gcrunall-loop-harness.ps1
gNdsFighterGCRunAllLoopUpdateMax,scripts/verify-battle-mariofox-gcrunall-loop-harness.ps1
gNdsFighterGCRunAllLoopWaitSetStatusCount,scripts/verify-battle-mariofox-gcrunall-loop-harness.ps1
gNdsFighterMarioFoxGCRunAllLoopCount,scripts/verify-battle-mariofox-gcrunall-loop-harness.ps1
gNdsFighterMarioFoxGCRunAllLoopDeferredMask,scripts/verify-battle-mariofox-gcrunall-loop-harness.ps1
gNdsFighterMarioFoxGCRunAllLoopMask,scripts/verify-battle-mariofox-gcrunall-loop-harness.ps1
gNdsFighterMarioFoxGCRunAllLoopResult,scripts/verify-battle-mariofox-gcrunall-loop-harness.ps1
gNdsFighterMarioFoxGCRunAllLoopSafeResult,scripts/verify-battle-mariofox-gcrunall-loop-harness.ps1
gNdsFighterMarioFoxPreviewLoopCount,scripts/verify-battle-mariofox-gcrunall-loop-harness.ps1
gNdsFighterMarioFoxPreviewLoopDeferredMask,scripts/verify-battle-mariofox-gcrunall-loop-harness.ps1
gNdsFighterMarioFoxPreviewLoopMask,scripts/verify-battle-mariofox-gcrunall-loop-harness.ps1
gNdsFighterMarioFoxPreviewLoopResult,scripts/verify-battle-mariofox-gcrunall-loop-harness.ps1
gNdsFighterMarioFoxPreviewLoopSafeResult,scripts/verify-battle-mariofox-gcrunall-loop-harness.ps1
gNdsFighterNaturalCombatAppealFrames,scripts/verify-p2-samus-shield-roll.ps1
gNdsFighterNaturalCombatAppealStatus,scripts/verify-p2-samus-shield-roll.ps1
gNdsFighterNaturalCombatApproachDXMilli,scripts/verify-battle-mariofox-gcrunall-loop-harness.ps1
gNdsFighterNaturalCombatAttackMotionFinal,scripts/verify-battle-mariofox-gcrunall-loop-harness.ps1
gNdsFighterNaturalCombatAttackRetryCount,scripts/verify-battle-mariofox-gcrunall-loop-harness.ps1
gNdsFighterNaturalCombatAttackStatusFrames,scripts/verify-battle-mariofox-gcrunall-loop-harness.ps1
gNdsFighterNaturalCombatAttackerSlot,scripts/verify-battle-mariofox-gcrunall-loop-harness.ps1;scripts/verify-task39-visual-effects.ps1
gNdsFighterNaturalCombatGuardFrames,scripts/verify-battle-mariofox-gcrunall-loop-harness.ps1;scripts/verify-p2-samus-shield-roll.ps1;scripts/verify-task39-visual-effects.ps1
gNdsFighterNaturalCombatGuardOffFrames,scripts/verify-battle-mariofox-gcrunall-loop-harness.ps1;scripts/verify-p2-samus-shield-roll.ps1;scripts/verify-task39-visual-effects.ps1
gNdsFighterNaturalCombatGuardOnFrames,scripts/verify-battle-mariofox-gcrunall-loop-harness.ps1;scripts/verify-p2-samus-shield-roll.ps1;scripts/verify-task39-visual-effects.ps1
gNdsFighterNaturalCombatHitboxActiveFrames,scripts/verify-battle-mariofox-gcrunall-loop-harness.ps1
gNdsFighterNaturalCombatP0DashFrames,scripts/verify-battle-mariofox-gcrunall-loop-harness.ps1
gNdsFighterNaturalCombatP0HitlagFrames,scripts/verify-battle-mariofox-gcrunall-loop-harness.ps1
gNdsFighterNaturalCombatP0RunBrakeFrames,scripts/verify-battle-mariofox-gcrunall-loop-harness.ps1
gNdsFighterNaturalCombatP0RunFrames,scripts/verify-battle-mariofox-gcrunall-loop-harness.ps1
gNdsFighterNaturalCombatP0TurnFrames,scripts/verify-battle-mariofox-gcrunall-loop-harness.ps1
gNdsFighterNaturalCombatP1DashFrames,scripts/verify-battle-mariofox-gcrunall-loop-harness.ps1
gNdsFighterNaturalCombatP1HitlagFrames,scripts/verify-battle-mariofox-gcrunall-loop-harness.ps1
gNdsFighterNaturalCombatP1RunBrakeFrames,scripts/verify-battle-mariofox-gcrunall-loop-harness.ps1
gNdsFighterNaturalCombatP1RunFrames,scripts/verify-battle-mariofox-gcrunall-loop-harness.ps1
gNdsFighterNaturalCombatP1TurnFrames,scripts/verify-battle-mariofox-gcrunall-loop-harness.ps1
gNdsFighterNaturalCombatPhase,scripts/verify-battle-mariofox-gcrunall-loop-harness.ps1;scripts/verify-p2-samus-shield-roll.ps1;scripts/verify-task39-visual-effects.ps1
gNdsFighterNaturalCombatPhaseFrames,scripts/verify-battle-mariofox-gcrunall-loop-harness.ps1;scripts/verify-task39-visual-effects.ps1
gNdsFighterNaturalCombatRollFrames,scripts/verify-battle-mariofox-gcrunall-loop-harness.ps1;scripts/verify-p2-samus-shield-roll.ps1;scripts/verify-p2-samus-state-tour.ps1
gNdsFighterNaturalCombatRollStatus,scripts/verify-battle-mariofox-gcrunall-loop-harness.ps1;scripts/verify-p2-samus-shield-roll.ps1;scripts/verify-p2-samus-state-tour.ps1
gNdsFighterNaturalCombatStallCount,scripts/verify-battle-mariofox-gcrunall-loop-harness.ps1;scripts/verify-p2-donkey-charge-presentation.ps1;scripts/verify-p2-link-bomb.ps1;scripts/verify-p2-samus-attack-tour.ps1;scripts/verify-p2-samus-damagefly-tour.ps1;scripts/verify-p2-samus-matrix.ps1;scripts/verify-p2-samus-native-owner.ps1;scripts/verify-p2-samus-shield-roll.ps1;scripts/verify-p2-samus-state-tour.ps1;scripts/verify-p2-samus-tumble-tour.ps1;scripts/verify-p2-samus-weapon-transforms.ps1
gNdsFighterNaturalCombatVictimDamageFrames,scripts/verify-battle-mariofox-gcrunall-loop-harness.ps1
gNdsFighterNaturalCombatVictimDamageStatus,scripts/verify-battle-mariofox-gcrunall-loop-harness.ps1
gNdsFighterNaturalCombatVictimFinalPercent,scripts/verify-battle-mariofox-gcrunall-loop-harness.ps1;scripts/verify-task39-visual-effects.ps1
gNdsFighterNaturalCombatVictimKnockbackMilli,scripts/verify-battle-mariofox-gcrunall-loop-harness.ps1
gNdsFighterNaturalCombatVictimRecoverWaitFrames,scripts/verify-battle-mariofox-gcrunall-loop-harness.ps1
gNdsFighterNaturalCombatVictimSlot,scripts/verify-battle-mariofox-gcrunall-loop-harness.ps1;scripts/verify-task39-visual-effects.ps1
gNdsFighterNaturalCombatVictimStartPercent,scripts/verify-battle-mariofox-gcrunall-loop-harness.ps1;scripts/verify-task39-visual-effects.ps1
gNdsFighterNaturalMotionControllerReadCount,scripts/verify-battle-mariofox-gcrunall-loop-harness.ps1
gNdsFighterNaturalMotionFigatreeAnimInvalidCount,scripts/probe-fighter-anim-state.ps1;scripts/verify-battle-mariofox-gcrunall-loop-harness.ps1
gNdsFighterNaturalMotionFigatreeTableInvalidCount,scripts/verify-battle-mariofox-gcrunall-loop-harness.ps1
gNdsFighterNaturalMotionGObjDelta,scripts/verify-battle-mariofox-gcrunall-loop-harness.ps1
gNdsFighterNaturalMotionManagerMask,scripts/verify-battle-mariofox-gcrunall-loop-harness.ps1;scripts/verify-task39-visual-effects.ps1
gNdsFighterNaturalMotionMask,scripts/verify-battle-mariofox-gcrunall-loop-harness.ps1
gNdsFighterNaturalMotionP0AnimAdvanceCount,scripts/verify-battle-mariofox-gcrunall-loop-harness.ps1
gNdsFighterNaturalMotionP0AnimFinalBits,scripts/verify-battle-mariofox-gcrunall-loop-harness.ps1
gNdsFighterNaturalMotionP0AnimStartBits,scripts/verify-battle-mariofox-gcrunall-loop-harness.ps1
gNdsFighterNaturalMotionP0StatusFinal,scripts/verify-battle-mariofox-gcrunall-loop-harness.ps1
gNdsFighterNaturalMotionP0StatusStart,scripts/verify-battle-mariofox-gcrunall-loop-harness.ps1
gNdsFighterNaturalMotionP0ValidJointCount,scripts/verify-battle-mariofox-gcrunall-loop-harness.ps1
gNdsFighterNaturalMotionP0WaitFrameCount,scripts/verify-battle-mariofox-gcrunall-loop-harness.ps1
gNdsFighterNaturalMotionP0WalkFrameCount,scripts/verify-battle-mariofox-gcrunall-loop-harness.ps1
gNdsFighterNaturalMotionP0WalkMotion,scripts/verify-battle-mariofox-gcrunall-loop-harness.ps1
gNdsFighterNaturalMotionP0WalkStatus,scripts/verify-battle-mariofox-gcrunall-loop-harness.ps1
gNdsFighterNaturalMotionP1AnimAdvanceCount,scripts/verify-battle-mariofox-gcrunall-loop-harness.ps1
gNdsFighterNaturalMotionP1AnimFinalBits,scripts/verify-battle-mariofox-gcrunall-loop-harness.ps1
gNdsFighterNaturalMotionP1AnimStartBits,scripts/verify-battle-mariofox-gcrunall-loop-harness.ps1
gNdsFighterNaturalMotionP1StatusFinal,scripts/verify-battle-mariofox-gcrunall-loop-harness.ps1
gNdsFighterNaturalMotionP1StatusStart,scripts/verify-battle-mariofox-gcrunall-loop-harness.ps1
gNdsFighterNaturalMotionP1ValidJointCount,scripts/verify-battle-mariofox-gcrunall-loop-harness.ps1
gNdsFighterNaturalMotionP1WaitFrameCount,scripts/verify-battle-mariofox-gcrunall-loop-harness.ps1
gNdsFighterNaturalMotionP1WalkFrameCount,scripts/verify-battle-mariofox-gcrunall-loop-harness.ps1
gNdsFighterNaturalMotionP1WalkMotion,scripts/verify-battle-mariofox-gcrunall-loop-harness.ps1
gNdsFighterNaturalMotionP1WalkStatus,scripts/verify-battle-mariofox-gcrunall-loop-harness.ps1
gNdsFighterNaturalMotionPrepared,scripts/.tmp-probe-yoshi-prep.ps1;scripts/.tmp-probe-yoshi-watchdog.ps1;scripts/probe-yoshi-tour-full.ps1;scripts/verify-battle-mariofox-gcrunall-loop-harness.ps1;scripts/verify-task39-visual-effects.ps1
gNdsFighterNaturalMotionRunAllCount,scripts/verify-battle-mariofox-gcrunall-loop-harness.ps1
gNdsFighterNaturalMotionSafeResult,scripts/verify-battle-mariofox-gcrunall-loop-harness.ps1
gNdsFighterNaturalMotionUnsafeCount,scripts/verify-battle-mariofox-gcrunall-loop-harness.ps1
gNdsFighterNaturalMotionUpdateCount,scripts/verify-battle-mariofox-gcrunall-loop-harness.ps1;scripts/verify-task39-visual-effects.ps1
gNdsFighterNaturalMotionWalkInputFrame,scripts/verify-battle-mariofox-gcrunall-loop-harness.ps1
gNdsFighterNaturalMovesetAttackerGA,scripts/verify-battle-mariofox-gcrunall-loop-harness.ps1
gNdsFighterNaturalMovesetAttackerMotion,scripts/verify-battle-mariofox-gcrunall-loop-harness.ps1
gNdsFighterNaturalMovesetAttackerRootYMilli,scripts/verify-battle-mariofox-gcrunall-loop-harness.ps1
gNdsFighterNaturalMovesetAttackerStatus,scripts/verify-battle-mariofox-gcrunall-loop-harness.ps1
gNdsFighterNaturalMovesetCatchFrames,scripts/verify-battle-mariofox-gcrunall-loop-harness.ps1
gNdsFighterNaturalMovesetCatchWaitFrames,scripts/verify-battle-mariofox-gcrunall-loop-harness.ps1
gNdsFighterNaturalMovesetLandingFrames,scripts/verify-battle-mariofox-gcrunall-loop-harness.ps1
gNdsFighterNaturalMovesetMask,scripts/verify-battle-mariofox-gcrunall-loop-harness.ps1;scripts/verify-p2-samus-attack-tour.ps1;scripts/verify-p2-samus-damagefly-tour.ps1;scripts/verify-p2-samus-matrix.ps1;scripts/verify-p2-samus-native-owner.ps1;scripts/verify-p2-samus-shield-roll.ps1;scripts/verify-p2-samus-state-tour.ps1;scripts/verify-p2-samus-tumble-tour.ps1;scripts/verify-p2-samus-weapon-transforms.ps1
gNdsFighterNaturalMovesetPhaseFrames,scripts/verify-battle-mariofox-gcrunall-loop-harness.ps1
gNdsFighterNaturalMovesetSmashFrames,scripts/verify-battle-mariofox-gcrunall-loop-harness.ps1
gNdsFighterNaturalMovesetSmashHitboxFrames,scripts/verify-battle-mariofox-gcrunall-loop-harness.ps1
gNdsFighterNaturalMovesetThrowFrames,scripts/verify-battle-mariofox-gcrunall-loop-harness.ps1
gNdsFighterNaturalMovesetThrowRecoverFrames,scripts/verify-battle-mariofox-gcrunall-loop-harness.ps1
gNdsFighterNaturalMovesetThrownFrames,scripts/verify-battle-mariofox-gcrunall-loop-harness.ps1
gNdsFighterNaturalMovesetTiltHi3Frames,scripts/verify-battle-mariofox-gcrunall-loop-harness.ps1
gNdsFighterNaturalMovesetTiltHitboxFrames,scripts/verify-battle-mariofox-gcrunall-loop-harness.ps1
gNdsFighterNaturalMovesetTiltLw3Frames,scripts/verify-battle-mariofox-gcrunall-loop-harness.ps1
gNdsFighterNaturalMovesetTiltS3Frames,scripts/verify-battle-mariofox-gcrunall-loop-harness.ps1
gNdsFighterNaturalMovesetVictimGA,scripts/verify-battle-mariofox-gcrunall-loop-harness.ps1
gNdsFighterNaturalMovesetVictimMotion,scripts/verify-battle-mariofox-gcrunall-loop-harness.ps1
gNdsFighterNaturalMovesetVictimRootYMilli,scripts/verify-battle-mariofox-gcrunall-loop-harness.ps1
gNdsFighterNaturalMovesetVictimStatus,scripts/verify-battle-mariofox-gcrunall-loop-harness.ps1
gNdsFighterProcessLoopControllerBridgeCount,scripts/soak-freeze-watch.ps1
gNdsFighterProcessLoopP0InputApplyCount,scripts/soak-freeze-watch.ps1
gNdsFighterProjectileProofAccessoryFrames,scripts/verify-battle-mariofox-gcrunall-loop-harness.ps1
gNdsFighterProjectileProofActorKind,scripts/verify-battle-mariofox-gcrunall-loop-harness.ps1
gNdsFighterProjectileProofActorSlot,scripts/verify-battle-mariofox-gcrunall-loop-harness.ps1
gNdsFighterProjectileProofBPressFrames,scripts/verify-battle-mariofox-gcrunall-loop-harness.ps1
gNdsFighterProjectileProofFlag0Frames,scripts/verify-battle-mariofox-gcrunall-loop-harness.ps1
gNdsFighterProjectileProofMapMask,scripts/verify-battle-mariofox-gcrunall-loop-harness.ps1
gNdsFighterProjectileProofMask,scripts/verify-battle-mariofox-gcrunall-loop-harness.ps1
gNdsFighterProjectileProofResult,scripts/verify-battle-mariofox-gcrunall-loop-harness.ps1
gNdsFighterProjectileProofSpecialMotion,scripts/verify-battle-mariofox-gcrunall-loop-harness.ps1
gNdsFighterProjectileProofSpecialStatusFrames,scripts/verify-battle-mariofox-gcrunall-loop-harness.ps1
gNdsFighterProjectileProofWeaponFrames,scripts/probe-fox-blaster-native.ps1;scripts/verify-battle-mariofox-gcrunall-loop-harness.ps1
gNdsFighterReflectorProofDownBPressFrames,scripts/verify-battle-mariofox-gcrunall-loop-harness.ps1
gNdsFighterReflectorProofFireballDXMilli,scripts/verify-battle-mariofox-gcrunall-loop-harness.ps1
gNdsFighterReflectorProofFireballDYMilli,scripts/verify-battle-mariofox-gcrunall-loop-harness.ps1
gNdsFighterReflectorProofFoxSlot,scripts/verify-battle-mariofox-gcrunall-loop-harness.ps1
gNdsFighterReflectorProofHitFrames,scripts/verify-battle-mariofox-gcrunall-loop-harness.ps1
gNdsFighterReflectorProofIsReflectFrames,scripts/verify-battle-mariofox-gcrunall-loop-harness.ps1
gNdsFighterReflectorProofLoopFrames,scripts/verify-battle-mariofox-gcrunall-loop-harness.ps1
gNdsFighterReflectorProofMask,scripts/verify-battle-mariofox-gcrunall-loop-harness.ps1
gNdsFighterReflectorProofProjectileSlot,scripts/verify-battle-mariofox-gcrunall-loop-harness.ps1
gNdsFighterReflectorProofReflectLRClearFrames,scripts/verify-battle-mariofox-gcrunall-loop-harness.ps1
gNdsFighterReflectorProofResult,scripts/verify-battle-mariofox-gcrunall-loop-harness.ps1
gNdsFighterReflectorProofSpecialResist,scripts/verify-battle-mariofox-gcrunall-loop-harness.ps1
gNdsFighterReflectorProofSpecialSizeMilli,scripts/verify-battle-mariofox-gcrunall-loop-harness.ps1
gNdsFighterReflectorProofStartFrames,scripts/verify-battle-mariofox-gcrunall-loop-harness.ps1
gNdsFighterSamusSpecialsLwFrames,scripts/verify-p2-samus-matrix.ps1;scripts/verify-p2-samus-weapon-transforms.ps1
gNdsFighterSamusSpecialsLwPressFrames,scripts/verify-p2-samus-matrix.ps1;scripts/verify-p2-samus-weapon-transforms.ps1
gNdsFighterSamusSpecialsLwWaitFrames,scripts/verify-p2-samus-matrix.ps1;scripts/verify-p2-samus-weapon-transforms.ps1
gNdsFighterSamusSpecialsNChargeMax,scripts/verify-p2-samus-matrix.ps1;scripts/verify-p2-samus-weapon-transforms.ps1
gNdsFighterSamusSpecialsNEndFrames,scripts/verify-p2-samus-matrix.ps1;scripts/verify-p2-samus-weapon-transforms.ps1
gNdsFighterSamusSpecialsNFullWaitFrames,scripts/verify-p2-samus-matrix.ps1;scripts/verify-p2-samus-weapon-transforms.ps1
gNdsFighterSamusSpecialsNLoopFrames,scripts/verify-p2-samus-matrix.ps1;scripts/verify-p2-samus-weapon-transforms.ps1
gNdsFighterSamusSpecialsNPressFrames,scripts/verify-p2-samus-matrix.ps1;scripts/verify-p2-samus-weapon-transforms.ps1
gNdsFighterSamusSpecialsNReleasePressFrames,scripts/verify-p2-samus-matrix.ps1;scripts/verify-p2-samus-weapon-transforms.ps1
gNdsFighterSamusSpecialsNReleaseWaitFrames,scripts/verify-p2-samus-matrix.ps1;scripts/verify-p2-samus-weapon-transforms.ps1
gNdsFighterSamusSpecialsNStartFrames,scripts/verify-p2-samus-matrix.ps1;scripts/verify-p2-samus-weapon-transforms.ps1
gNdsFighterSamusSpecialsSlot,scripts/verify-p2-samus-matrix.ps1;scripts/verify-p2-samus-weapon-transforms.ps1
gNdsFighterSchedulerLoopP0InputApplyCount,scripts/soak-freeze-watch.ps1
gNdsFighterSpecialsFoxHiBoundFrames,scripts/verify-battle-mariofox-gcrunall-loop-harness.ps1
gNdsFighterSpecialsFoxHiEndFrames,scripts/verify-battle-mariofox-gcrunall-loop-harness.ps1
gNdsFighterSpecialsFoxHiHoldFrames,scripts/verify-battle-mariofox-gcrunall-loop-harness.ps1
gNdsFighterSpecialsFoxHiPressFrames,scripts/verify-battle-mariofox-gcrunall-loop-harness.ps1
gNdsFighterSpecialsFoxHiRootYMilli,scripts/verify-battle-mariofox-gcrunall-loop-harness.ps1
gNdsFighterSpecialsFoxHiStartFrames,scripts/verify-battle-mariofox-gcrunall-loop-harness.ps1
gNdsFighterSpecialsFoxHiTravelFrames,scripts/verify-battle-mariofox-gcrunall-loop-harness.ps1
gNdsFighterSpecialsFoxHiWaitFrames,scripts/verify-battle-mariofox-gcrunall-loop-harness.ps1
gNdsFighterSpecialsFoxSlot,scripts/verify-battle-mariofox-gcrunall-loop-harness.ps1
gNdsFighterSpecialsMarioAirHiFrames,scripts/verify-battle-mariofox-gcrunall-loop-harness.ps1
gNdsFighterSpecialsMarioAirLwFrames,scripts/verify-battle-mariofox-gcrunall-loop-harness.ps1
gNdsFighterSpecialsMarioFallSpecialFrames,scripts/verify-battle-mariofox-gcrunall-loop-harness.ps1
gNdsFighterSpecialsMarioHiDamageMax,scripts/verify-battle-mariofox-gcrunall-loop-harness.ps1
gNdsFighterSpecialsMarioHiFrames,scripts/verify-battle-mariofox-gcrunall-loop-harness.ps1
gNdsFighterSpecialsMarioHiPressFrames,scripts/verify-battle-mariofox-gcrunall-loop-harness.ps1
gNdsFighterSpecialsMarioHiRootYMilli,scripts/verify-battle-mariofox-gcrunall-loop-harness.ps1
gNdsFighterSpecialsMarioHiWaitFrames,scripts/verify-battle-mariofox-gcrunall-loop-harness.ps1
gNdsFighterSpecialsMarioLandingFallSpecialFrames,scripts/verify-battle-mariofox-gcrunall-loop-harness.ps1
gNdsFighterSpecialsMarioLwDamageMax,scripts/verify-battle-mariofox-gcrunall-loop-harness.ps1
gNdsFighterSpecialsMarioLwFrames,scripts/verify-battle-mariofox-gcrunall-loop-harness.ps1
gNdsFighterSpecialsMarioLwPressFrames,scripts/verify-battle-mariofox-gcrunall-loop-harness.ps1
gNdsFighterSpecialsMarioLwWaitFrames,scripts/verify-battle-mariofox-gcrunall-loop-harness.ps1
gNdsFighterSpecialsMarioSlot,scripts/verify-battle-mariofox-gcrunall-loop-harness.ps1
gNdsFighterSpecialsProofMask,scripts/verify-battle-mariofox-gcrunall-loop-harness.ps1
gNdsFighterSpecialsProofPhaseFrames,scripts/verify-battle-mariofox-gcrunall-loop-harness.ps1
gNdsFighterStructP0Detail,scripts/probe-p2-fourcpu-sparse.ps1
gNdsFighterStructP1Detail,scripts/probe-p2-fourcpu-sparse.ps1
gNdsMapsSelectTransitionMask,scripts/verify-battle-mariofox-gcrunall-loop-harness.ps1
gNdsMapsSelectTransitionResult,scripts/verify-battle-mariofox-gcrunall-loop-harness.ps1
gNdsMapsSelectTransitionSelectedGKind,scripts/verify-battle-mariofox-gcrunall-loop-harness.ps1
gNdsOpeningMarioDrawBitmaps,scripts/menus/test_sobj_repeat.py
gNdsOpeningMarioDrawBlocker,scripts/menus/test_sobj_repeat.py
gNdsOpeningMarioDrawFormat,scripts/menus/test_sobj_repeat.py
gNdsOpeningMarioDrawHeight,scripts/menus/test_sobj_repeat.py
gNdsOpeningMarioDrawPixels,scripts/menus/test_sobj_repeat.py
gNdsOpeningMarioDrawResult,scripts/menus/test_sobj_repeat.py
gNdsOpeningMarioDrawSize,scripts/menus/test_sobj_repeat.py
gNdsOpeningMarioDrawWidth,scripts/menus/test_sobj_repeat.py
gNdsOpeningMovieActionPreviewCount,scripts/sample-runtime-speed.ps1
gNdsOpeningMovieActionPreviewLastFormat,scripts/menus/test_sobj_repeat.py
gNdsOpeningMovieActionPreviewLastHeight,scripts/menus/test_sobj_repeat.py
gNdsOpeningMovieActionPreviewLastKind,scripts/menus/test_sobj_repeat.py
gNdsOpeningMovieActionPreviewLastSize,scripts/menus/test_sobj_repeat.py
gNdsOpeningMovieActionPreviewLastWidth,scripts/menus/test_sobj_repeat.py
gNdsOpeningMovieActionPreviewMask,scripts/menus/test_sobj_repeat.py
gNdsOpeningMovieActionPreviewPixels,scripts/menus/test_sobj_repeat.py
gNdsOpeningMovieActionPreviewResult,scripts/menus/test_sobj_repeat.py
gNdsOpeningNameSceneDrawBitmaps,scripts/menus/test_sobj_repeat.py
gNdsOpeningNameSceneDrawBlocker,scripts/menus/test_sobj_repeat.py
gNdsOpeningNameSceneDrawFormat,scripts/menus/test_sobj_repeat.py
gNdsOpeningNameSceneDrawHeight,scripts/menus/test_sobj_repeat.py
gNdsOpeningNameSceneDrawMask,scripts/menus/test_sobj_repeat.py
gNdsOpeningNameSceneDrawPixels,scripts/menus/test_sobj_repeat.py
gNdsOpeningNameSceneDrawResult,scripts/menus/test_sobj_repeat.py
gNdsOpeningNameSceneDrawSize,scripts/menus/test_sobj_repeat.py
gNdsOpeningNameSceneDrawWidth,scripts/menus/test_sobj_repeat.py
gNdsOpeningPortraitsDrawBitmaps,scripts/menus/test_sobj_repeat.py
gNdsOpeningPortraitsDrawBlocker,scripts/menus/test_sobj_repeat.py
gNdsOpeningPortraitsDrawFormat,scripts/menus/test_sobj_repeat.py
gNdsOpeningPortraitsDrawHeight,scripts/menus/test_sobj_repeat.py
gNdsOpeningPortraitsDrawPixels,scripts/menus/test_sobj_repeat.py
gNdsOpeningPortraitsDrawResult,scripts/menus/test_sobj_repeat.py
gNdsOpeningPortraitsDrawSize,scripts/menus/test_sobj_repeat.py
gNdsOpeningPortraitsDrawWidth,scripts/menus/test_sobj_repeat.py
gNdsPlayersVSReadyTransitionMask,scripts/verify-battle-mariofox-gcrunall-loop-harness.ps1
gNdsPlayersVSReadyTransitionResult,scripts/verify-battle-mariofox-gcrunall-loop-harness.ps1
gNdsRendererDepthFighterP0Max,scripts/verify-battle-mariofox-gcrunall-loop-harness.ps1
gNdsRendererDepthFighterP0Min,scripts/verify-battle-mariofox-gcrunall-loop-harness.ps1
gNdsRendererDepthFighterP0WMax,scripts/verify-battle-mariofox-gcrunall-loop-harness.ps1
gNdsRendererDepthFighterP0WMin,scripts/verify-battle-mariofox-gcrunall-loop-harness.ps1
gNdsRendererDepthFighterP1Max,scripts/verify-battle-mariofox-gcrunall-loop-harness.ps1
gNdsRendererDepthFighterP1Min,scripts/verify-battle-mariofox-gcrunall-loop-harness.ps1
gNdsRendererDepthFighterP1WMax,scripts/verify-battle-mariofox-gcrunall-loop-harness.ps1
gNdsRendererDepthFighterP1WMin,scripts/verify-battle-mariofox-gcrunall-loop-harness.ps1
gNdsRendererDepthStageMax,scripts/verify-battle-mariofox-gcrunall-loop-harness.ps1
gNdsRendererDepthStageMin,scripts/verify-battle-mariofox-gcrunall-loop-harness.ps1
gNdsRendererDepthStageWMax,scripts/verify-battle-mariofox-gcrunall-loop-harness.ps1
gNdsRendererDepthStageWMin,scripts/verify-battle-mariofox-gcrunall-loop-harness.ps1
gNdsRendererProfileAffineMatrixMaxDelta,scripts/verify-battle-mariofox-gcrunall-loop-harness.ps1
gNdsRendererProfileAffineMatrixMismatches,scripts/check-gbi-decode-fixtures.ps1;scripts/verify-battle-mariofox-gcrunall-loop-harness.ps1
gNdsRendererProfileAffineMatrixSamples,scripts/verify-battle-mariofox-gcrunall-loop-harness.ps1
gNdsRendererProfileCameraMatrixCacheHitCount,scripts/verify-battle-mariofox-gcrunall-loop-harness.ps1
gNdsRendererProfileCameraMatrixCacheMissCount,scripts/verify-battle-mariofox-gcrunall-loop-harness.ps1
gNdsRendererProfileCameraMatrixCacheOverflowCount,scripts/verify-battle-mariofox-gcrunall-loop-harness.ps1
gNdsRendererProfileCi4LutBuildCount,scripts/verify-battle-mariofox-gcrunall-loop-harness.ps1
gNdsRendererProfileCi4LutReuseCount,scripts/verify-battle-mariofox-gcrunall-loop-harness.ps1
gNdsRendererProfileCombineMode0W0,scripts/verify-battle-mariofox-gcrunall-loop-harness.ps1
gNdsRendererProfileCombineMode0W1,scripts/verify-battle-mariofox-gcrunall-loop-harness.ps1
gNdsRendererProfileCombineMode1W0,scripts/verify-battle-mariofox-gcrunall-loop-harness.ps1
gNdsRendererProfileCombineMode1W1,scripts/verify-battle-mariofox-gcrunall-loop-harness.ps1
gNdsRendererProfileCombineMode2W0,scripts/verify-battle-mariofox-gcrunall-loop-harness.ps1
gNdsRendererProfileCombineMode2W1,scripts/verify-battle-mariofox-gcrunall-loop-harness.ps1
gNdsRendererProfileCombineMode3W0,scripts/verify-battle-mariofox-gcrunall-loop-harness.ps1
gNdsRendererProfileCombineMode3W1,scripts/verify-battle-mariofox-gcrunall-loop-harness.ps1
gNdsRendererProfileCombineModeCount,scripts/verify-battle-mariofox-gcrunall-loop-harness.ps1
gNdsRendererProfileCombineModeDistinctCount,scripts/verify-battle-mariofox-gcrunall-loop-harness.ps1
gNdsRendererProfileDLTicks,scripts/verify-battle-mariofox-gcrunall-loop-harness.ps1
gNdsRendererProfileDObjWorldCacheHitCount,scripts/verify-battle-mariofox-gcrunall-loop-harness.ps1
gNdsRendererProfileDObjWorldCacheMissCount,scripts/verify-battle-mariofox-gcrunall-loop-harness.ps1
gNdsRendererProfileDObjWorldCacheOverflowCount,scripts/check-gbi-decode-fixtures.ps1;scripts/verify-battle-mariofox-gcrunall-loop-harness.ps1
gNdsRendererProfileHWVertexMaxX,scripts/verify-battle-mariofox-gcrunall-loop-harness.ps1
gNdsRendererProfileHWVertexMaxY,scripts/verify-battle-mariofox-gcrunall-loop-harness.ps1
gNdsRendererProfileHWVertexMaxZ,scripts/verify-battle-mariofox-gcrunall-loop-harness.ps1
gNdsRendererProfileHWVertexMinX,scripts/verify-battle-mariofox-gcrunall-loop-harness.ps1
gNdsRendererProfileHWVertexMinY,scripts/verify-battle-mariofox-gcrunall-loop-harness.ps1
gNdsRendererProfileHWVertexMinZ,scripts/verify-battle-mariofox-gcrunall-loop-harness.ps1
gNdsRendererProfileImmutableListCount,scripts/verify-battle-mariofox-gcrunall-loop-harness.ps1
gNdsRendererProfileLightColorCommands,scripts/verify-battle-mariofox-gcrunall-loop-harness.ps1
gNdsRendererProfileLightDirectionCommands,scripts/verify-battle-mariofox-gcrunall-loop-harness.ps1
gNdsRendererProfileLightFallbackCount,scripts/verify-battle-mariofox-gcrunall-loop-harness.ps1
gNdsRendererProfileLitShadeCombineCount,scripts/verify-battle-mariofox-gcrunall-loop-harness.ps1
gNdsRendererProfileMaterialCombineCount,scripts/verify-battle-mariofox-gcrunall-loop-harness.ps1
gNdsRendererProfileMaterialTicks,scripts/verify-battle-mariofox-gcrunall-loop-harness.ps1
gNdsRendererProfileMatrixScaleWorld,scripts/verify-battle-mariofox-gcrunall-loop-harness.ps1
gNdsRendererProfileMatrixTicks,scripts/verify-battle-mariofox-gcrunall-loop-harness.ps1
gNdsRendererProfileModelviewM00,scripts/verify-battle-mariofox-gcrunall-loop-harness.ps1
gNdsRendererProfileModelviewM11,scripts/verify-battle-mariofox-gcrunall-loop-harness.ps1
gNdsRendererProfileModelviewM22,scripts/verify-battle-mariofox-gcrunall-loop-harness.ps1
gNdsRendererProfileModelviewM30,scripts/verify-battle-mariofox-gcrunall-loop-harness.ps1
gNdsRendererProfileModelviewM31,scripts/verify-battle-mariofox-gcrunall-loop-harness.ps1
gNdsRendererProfileModelviewM32,scripts/verify-battle-mariofox-gcrunall-loop-harness.ps1
gNdsRendererProfileProjectionM00,scripts/verify-battle-mariofox-gcrunall-loop-harness.ps1
gNdsRendererProfileProjectionM11,scripts/verify-battle-mariofox-gcrunall-loop-harness.ps1
gNdsRendererProfileProjectionM22,scripts/verify-battle-mariofox-gcrunall-loop-harness.ps1
gNdsRendererProfileProjectionM32,scripts/verify-battle-mariofox-gcrunall-loop-harness.ps1
gNdsRendererProfileRawVertexMaxX,scripts/verify-battle-mariofox-gcrunall-loop-harness.ps1
gNdsRendererProfileRawVertexMaxY,scripts/verify-battle-mariofox-gcrunall-loop-harness.ps1
gNdsRendererProfileRawVertexMaxZ,scripts/verify-battle-mariofox-gcrunall-loop-harness.ps1
gNdsRendererProfileRawVertexMinX,scripts/verify-battle-mariofox-gcrunall-loop-harness.ps1
gNdsRendererProfileRawVertexMinY,scripts/verify-battle-mariofox-gcrunall-loop-harness.ps1
gNdsRendererProfileRawVertexMinZ,scripts/verify-battle-mariofox-gcrunall-loop-harness.ps1
gNdsRendererProfileStageAdapterTicks,scripts/verify-battle-mariofox-gcrunall-loop-harness.ps1
gNdsRendererProfileStageWorldPersistentHitCount,scripts/verify-battle-mariofox-gcrunall-loop-harness.ps1
gNdsRendererProfileStageWorldPersistentMissCount,scripts/verify-battle-mariofox-gcrunall-loop-harness.ps1
gNdsRendererProfileStageWorldPersistentOracleMismatchCount,scripts/check-gbi-decode-fixtures.ps1;scripts/verify-battle-mariofox-gcrunall-loop-harness.ps1
gNdsRendererProfileStageWorldPersistentOracleSampleCount,scripts/verify-battle-mariofox-gcrunall-loop-harness.ps1
gNdsRendererProfileStageWorldPersistentOverflowCount,scripts/verify-battle-mariofox-gcrunall-loop-harness.ps1
gNdsRendererProfileStageWorldPersistentRejectCount,scripts/verify-battle-mariofox-gcrunall-loop-harness.ps1
gNdsRendererProfileTexel1LastFraction,scripts/verify-battle-mariofox-gcrunall-loop-harness.ps1
gNdsRendererProfileTexel1LastImage0,scripts/verify-battle-mariofox-gcrunall-loop-harness.ps1
gNdsRendererProfileTexel1LastImage1,scripts/verify-battle-mariofox-gcrunall-loop-harness.ps1
gNdsRendererProfileTexel1LastPrimaryState,scripts/verify-battle-mariofox-gcrunall-loop-harness.ps1
gNdsRendererProfileTexel1LastTileState,scripts/verify-battle-mariofox-gcrunall-loop-harness.ps1
gNdsRendererProfileTexel1RejectReasonMask,scripts/probe-ko-vfx.ps1;scripts/verify-battle-mariofox-gcrunall-loop-harness.ps1
gNdsRendererProfileTextureBindFormatMask,scripts/verify-battle-mariofox-gcrunall-loop-harness.ps1
gNdsRendererProfileTextureConvertFormatMask,scripts/verify-battle-mariofox-gcrunall-loop-harness.ps1
gNdsRendererProfileTextureConvertTicks,scripts/verify-battle-mariofox-gcrunall-loop-harness.ps1
gNdsRendererProfileTextureCoordMaxS,scripts/verify-battle-mariofox-gcrunall-loop-harness.ps1
gNdsRendererProfileTextureCoordMaxT,scripts/verify-battle-mariofox-gcrunall-loop-harness.ps1
gNdsRendererProfileTextureCoordMinS,scripts/verify-battle-mariofox-gcrunall-loop-harness.ps1
gNdsRendererProfileTextureCoordMinT,scripts/verify-battle-mariofox-gcrunall-loop-harness.ps1
gNdsRendererProfileTextureGreenTexels,scripts/verify-battle-mariofox-gcrunall-loop-harness.ps1
gNdsRendererProfileTextureLaneByteAccessCount,scripts/verify-battle-mariofox-gcrunall-loop-harness.ps1
gNdsRendererProfileTextureLaneByteFormatMask,scripts/verify-battle-mariofox-gcrunall-loop-harness.ps1
gNdsRendererProfileTextureLaneByteMap,scripts/check-gbi-decode-fixtures.ps1;scripts/verify-battle-mariofox-gcrunall-loop-harness.ps1
gNdsRendererProfileTextureLaneHalfwordAccessCount,scripts/verify-battle-mariofox-gcrunall-loop-harness.ps1
gNdsRendererProfileTextureLaneHalfwordFormatMask,scripts/verify-battle-mariofox-gcrunall-loop-harness.ps1
gNdsRendererProfileTextureLaneHalfwordMap,scripts/verify-battle-mariofox-gcrunall-loop-harness.ps1
gNdsRendererProfileTextureLaneLayoutMask,scripts/verify-battle-mariofox-gcrunall-loop-harness.ps1
gNdsRendererProfileTextureNonWhiteTexels,scripts/verify-battle-mariofox-gcrunall-loop-harness.ps1
gNdsRendererProfileTexturePaletteFormatMask,scripts/verify-battle-mariofox-gcrunall-loop-harness.ps1
gNdsRendererProfileTextureRejectFormatMask,scripts/verify-battle-mariofox-gcrunall-loop-harness.ps1
gNdsRendererProfileTextureRejectReasonMask,scripts/capture-sudden-death-entry.ps1;scripts/menus/capture-p2-shell.ps1;scripts/probe-ko-vfx.ps1;scripts/probe-p2-fourcpu-sparse.ps1;scripts/soak-freeze-watch.ps1;scripts/verify-battle-mariofox-gcrunall-loop-harness.ps1;scripts/verify-p2-four-fighter-stress.ps1;scripts/verify-p2-samus-state-tour.ps1
gNdsRendererProfileTextureSampleCount,scripts/verify-battle-mariofox-gcrunall-loop-harness.ps1
gNdsRendererProfileTextureSampleGreenCount,scripts/verify-battle-mariofox-gcrunall-loop-harness.ps1
gNdsRendererProfileTextureSampleNonWhiteCount,scripts/verify-battle-mariofox-gcrunall-loop-harness.ps1
gNdsRendererProfileTextureSourceTexels,scripts/verify-battle-mariofox-gcrunall-loop-harness.ps1
gNdsRendererProfileTextureTicks,scripts/probe-g1-site-cache-census.ps1;scripts/verify-battle-mariofox-gcrunall-loop-harness.ps1
gNdsRendererProfileTextureUploadTicks,scripts/verify-battle-mariofox-gcrunall-loop-harness.ps1
gNdsRendererProfileTexturedVertexCount,scripts/verify-battle-mariofox-gcrunall-loop-harness.ps1
gNdsRendererProfileTriangleRunReuseCount,scripts/verify-battle-mariofox-gcrunall-loop-harness.ps1
gNdsRendererProfileTriangleSubmitTicks,scripts/verify-battle-mariofox-gcrunall-loop-harness.ps1
gNdsRendererProfileTrustedCommandCount,scripts/verify-battle-mariofox-gcrunall-loop-harness.ps1
gNdsRendererProfileUseTextureImplicitOnCount,scripts/verify-battle-mariofox-gcrunall-loop-harness.ps1
gNdsRendererProfileUseTextureRejectFirstFlags,scripts/verify-battle-mariofox-gcrunall-loop-harness.ps1
gNdsRendererProfileUseTextureRejectFirstGeometry,scripts/verify-battle-mariofox-gcrunall-loop-harness.ps1
gNdsRendererProfileUseTextureRejectFirstReason,scripts/verify-battle-mariofox-gcrunall-loop-harness.ps1
gNdsRendererProfileUseTextureRejectFirstW0,scripts/verify-battle-mariofox-gcrunall-loop-harness.ps1
gNdsRendererProfileUseTextureRejectFirstW1,scripts/verify-battle-mariofox-gcrunall-loop-harness.ps1
gNdsRendererProfileUseTextureRejectNoCombineCount,scripts/probe-p2-fourcpu-sparse.ps1;scripts/verify-battle-mariofox-gcrunall-loop-harness.ps1
gNdsRendererProfileUseTextureRejectNoStatsCount,scripts/verify-battle-mariofox-gcrunall-loop-harness.ps1
gNdsRendererProfileUseTextureRejectNoTexel0Count,scripts/probe-p2-fourcpu-sparse.ps1;scripts/verify-battle-mariofox-gcrunall-loop-harness.ps1
gNdsRendererProfileUseTextureRejectPrimitiveDecalCount,scripts/verify-battle-mariofox-gcrunall-loop-harness.ps1
gNdsRendererProfileUseTextureRejectStateOffCount,scripts/probe-p2-fourcpu-sparse.ps1;scripts/verify-battle-mariofox-gcrunall-loop-harness.ps1
gNdsRendererProfileValidatedCommandCount,scripts/verify-battle-mariofox-gcrunall-loop-harness.ps1
gNdsRendererProfileVertexSubmitTicks,scripts/verify-battle-mariofox-gcrunall-loop-harness.ps1
gNdsStageCollisionLoopNoGeometryCount,scripts/verify-battle-mariofox-gcrunall-loop-harness.ps1
gNdsStageMPSweepFloorLoopLineSweepDiffCallCount,scripts/verify-battle-mariofox-gcrunall-loop-harness.ps1
gNdsStageMPSweepFloorLoopLineSweepDiffHitCount,scripts/verify-battle-mariofox-gcrunall-loop-harness.ps1
gNdsStageMPSweepFloorLoopLineSweepDiffMissCount,scripts/verify-battle-mariofox-gcrunall-loop-harness.ps1
gNdsStageMPSweepFloorLoopLineSweepSameHitCount,scripts/verify-battle-mariofox-gcrunall-loop-harness.ps1
gNdsStartupLogoDrawBitmaps,scripts/menus/test_sobj_repeat.py
gNdsStartupLogoDrawFormat,scripts/menus/test_sobj_repeat.py
gNdsStartupLogoDrawHeight,scripts/menus/test_sobj_repeat.py
gNdsStartupLogoDrawPixels,scripts/menus/test_sobj_repeat.py
gNdsStartupLogoDrawSize,scripts/menus/test_sobj_repeat.py
gNdsStartupLogoDrawTexshuf,scripts/menus/test_sobj_repeat.py
gNdsStartupLogoDrawTexshufSamples,scripts/menus/test_sobj_repeat.py
gNdsStartupLogoDrawWidth,scripts/menus/test_sobj_repeat.py
gNdsTitleDrawLastFormat,scripts/menus/test_sobj_repeat.py
gNdsTitleDrawLastHeight,scripts/menus/test_sobj_repeat.py
gNdsTitleDrawLastSize,scripts/menus/test_sobj_repeat.py
gNdsTitleDrawLastWidth,scripts/menus/test_sobj_repeat.py
gNdsTitleDrawPixels,scripts/menus/test_sobj_repeat.py;scripts/verify-opening-skip.ps1
gNdsTitleDrawRenderableSObjCount,scripts/verify-opening-skip.ps1
gNdsTitleDrawResult,scripts/menus/test_sobj_repeat.py;scripts/sample-runtime-speed.ps1;scripts/verify-opening-skip.ps1
gNdsTitleDrawSObjCount,scripts/verify-opening-skip.ps1
gNdsTitleDrawVisibleSObjCount,scripts/verify-opening-skip.ps1
gNdsTitleOriginalFireAlpha,scripts/verify-opening-skip.ps1
gNdsTitleOriginalFireFrames,scripts/verify-opening-skip.ps1
gNdsTitleOriginalFireGObjDelta,scripts/verify-opening-skip.ps1
gNdsTitleOriginalFireGObjFlags,scripts/verify-opening-skip.ps1
gNdsTitleOriginalFireMask,scripts/verify-opening-skip.ps1
gNdsTitleOriginalFireResult,scripts/verify-opening-skip.ps1
gNdsTitleOriginalFireSObjCount,scripts/verify-opening-skip.ps1
gNdsTitleOriginalFireSObjDelta,scripts/verify-opening-skip.ps1
gNdsTitleOriginalLayout,scripts/verify-opening-skip.ps1
gNdsTitleOriginalLogoFireCameraMaskLo,scripts/verify-opening-skip.ps1
gNdsTitleOriginalLogoFireDLLinkID,scripts/verify-opening-skip.ps1
gNdsTitleOriginalLogoFireGObjDelta,scripts/verify-opening-skip.ps1
gNdsTitleOriginalLogoFireLinkID,scripts/verify-opening-skip.ps1
gNdsTitleOriginalLogoFireMask,scripts/verify-opening-skip.ps1
gNdsTitleOriginalLogoFireParticleBank,scripts/verify-opening-skip.ps1
gNdsTitleOriginalLogoFireResult,scripts/verify-opening-skip.ps1
gNdsTitleOriginalProceedScene,scripts/verify-opening-skip.ps1
gNdsTitleOriginalProceedWait,scripts/verify-opening-skip.ps1
gNdsTitleOriginalStartActorProcess,scripts/verify-opening-skip.ps1
gNdsTitleOriginalTransitionTics,scripts/verify-opening-skip.ps1
gNdsTitleOriginalUpdateCount,scripts/verify-opening-skip.ps1
gNdsTitleOriginalUpdateResult,scripts/verify-opening-skip.ps1
gNdsTitlePreviewResult,scripts/verify-opening-skip.ps1
gNdsTitleRelocResult,scripts/verify-opening-skip.ps1
gNdsTitleSpriteNormalizeCount,scripts/verify-opening-skip.ps1
gNdsTitleSpriteNormalizeFailCount,scripts/verify-opening-skip.ps1
gNdsVSModeStartTransitionMask,scripts/verify-battle-mariofox-gcrunall-loop-harness.ps1
gNdsVSModeStartTransitionResult,scripts/verify-battle-mariofox-gcrunall-loop-harness.ps1
ndsAudioFgmDiagnosticsReset,scripts/sfx/test_boss_defeat_fgm_gate.py
ndsPlatformClearOriginalSpritePreview,scripts/menus/test_sprite_scratch_lifetime.py
ndsResetDiagnosticWords,scripts/test_diagnostic_reset_words.py
ndsResetStartupDiagnostics,scripts/test_diagnostic_reset_words.py
sOriginalSpriteDecodeCacheEpoch,scripts/menus/test_sprite_scratch_lifetime.py
sOriginalSpritePreviewHeight,scripts/menus/test_sprite_scratch_lifetime.py
sOriginalSpritePreviewWidth,scripts/menus/test_sprite_scratch_lifetime.py
