file,start,end,name,bytes,kind
src/nds/nds_renderer_native_common.c,3398,3407,ndsRendererNativeDirectReject.isra.0,268,text
src/nds/nds_renderer_native_common.c,3493,3505,ndsRendererNativeApplyProductionAlphaTest,64,text
src/nds/nds_renderer_native_common.c,6828,6950,ndsRendererR2WriteLightVector,440,text
src/nds/nds_renderer_native_common.c,7196,7206,ndsRendererR2OpenTintBatch,496,text
src/nds/nds_renderer_native_common.c,7318,7666,ndsRendererNativeShadeProductionActions.constprop.0.isra.0,696,text
src/nds/nds_renderer_native_common.c,8019,8034,ndsRendererR2RunTextureMemoFence,104,text
src/nds/nds_renderer_native_common.c,8037,8106,ndsRendererR2RunTextureMemoApply.constprop.0,552,text
src/nds/nds_renderer_native_common.c,8108,8175,ndsRendererR2RunTextureMemoFill,388,text
src/nds/nds_renderer_native_common.c,8381,8411,ndsRendererNativeFighterRunUvReserveMiss,188,text
src/nds/nds_renderer_native_common.c,8530,8637,ndsRendererNativeRebuildProductionRunUv.isra.0,760,text
src/nds/nds_renderer_native_common.c,9106,9116,ndsRendererNativePrepareProductionRun.constprop.0,2468,text
src/nds/nds_renderer_native_common.c,9314,9384,ndsRendererNativeEmitProductionPrimitiveGroups,464,text
src/nds/nds_renderer_native_common.c,9388,9449,ndsRendererNativeEmitProductionCrossRun.constprop.0,432,text
src/nds/nds_renderer_native_common.c,9459,9497,ndsFighterPacketEmitCornerShade,76,text
src/nds/nds_renderer_native_common.c,9499,9514,ndsFighterPacketEmitCornerTail,92,text
src/nds/nds_renderer_native_common.c,9517,9557,ndsRendererNativeEmitProductionPrimitiveGroupsPacket,316,text
src/nds/nds_renderer_native_common.c,9560,9616,ndsRendererNativeEmitProductionCrossRunPacket.constprop.0,272,text
src/nds/nds_renderer_native_common.c,9715,9769,ndsFighterPacketBuildKey,496,text
src/nds/nds_renderer_native_common.c,9771,9826,ndsFighterPacketNoteTextureEntry,280,text
src/nds/nds_renderer_native_common.c,10185,10195,ndsFighterPacketAbortRecord,60,text
src/nds/nds_renderer_native_common.c,10210,10308,ndsFighterPacketFinishRecord,440,text
src/nds/nds_renderer_native_common.c,10312,10322,ndsFighterPacketMatches,140,text
src/nds/nds_renderer_native_common.c,10329,10394,ndsRendererFighterPacketPrecheck,280,text
src/nds/nds_renderer_native_common.c,10402,10746,ndsFighterPacketTryReplay,2712,text
src/nds/nds_renderer_native_common.c,16323,16666,ndsRendererNativeFighterBindingParents,1076,text
src/nds/nds_renderer_native_common.c,16674,17009,ndsRendererNativeFighterCrossPaletteSlots,1076,text
src/nds/nds_renderer_native_fighter_production.c,14,33,ndsRendererNativeAbortProductionRun,348,text
src/nds/nds_renderer_native_fighter_production.c,36,521,ndsRendererExecuteNativeFighterOwnerProduction,3056,text
src/nds/nds_renderer_preamble.c,3559,3601,ndsFighterPacketCmd,248,text
src/nds/nds_renderer_preamble.c,3620,3629,ndsFighterPacketCmd2.constprop.0,60,text
src/nds/nds_renderer_preamble.c,3672,3726,ndsFighterPacketRecordBoundTexture,300,text
src/nds/nds_renderer_preamble.c,3740,3792,ndsFighterPacketRecordPrepare,232,text
src/nds/nds_renderer_preamble.c,3795,3822,ndsFighterPacketRecordTexCoord,168,text
src/nds/nds_renderer_preamble.c,3826,3856,ndsFighterPacketRecordDiffuseAmbient,192,text
src/nds/nds_renderer_preamble.c,3858,3884,ndsFighterPacketBeginRoot,152,text
src/nds/nds_renderer_preamble.c,3889,3909,ndsFighterPacketRecordLightVector,136,text
src/nds/nds_renderer_preamble.c,3936,3953,ndsRendererHardwareSetPolyFmt,60,text
src/nds/nds_renderer_textures_effects.c,14919,14937,ndsRendererHardwareFighterMultMatrixWorldScaled.constprop.0,116,text
src/nds/nds_renderer_textures_effects.c,14950,14966,ndsFighterPacketRecordProjection,136,text
src/nds/nds_renderer_textures_effects.c,14968,14979,ndsFighterPacketRecordSeed,132,text
src/nds/nds_renderer_textures_effects.c,14981,14994,ndsFighterPacketRecordLocal,152,text
src/nds/nds_renderer_textures_effects.c,14996,15021,ndsFighterPacketRecordWorldScaled.constprop.0,156,text
src/nds/nds_renderer_textures_effects.c,15026,15044,ndsFighterPacketStoreSplitModelview,120,text
src/nds/nds_renderer_textures_effects.c,15056,15101,ndsFighterPacketLoadSplitMatricesRecord,276,text
src/nds/nds_renderer_textures_effects.c,15107,15178,ndsRendererLoadHardwareGxComposedMatrices,668,text
src/nds/nds_renderer_textures_effects.c,15187,15254,ndsFighterPacketLoadGxComposedRecord,496,text
src/port/renderer_adapter_fighter.c,3386,3411,ndsFighterRejectNativeRender,240,text
src/port/renderer_adapter_fighter.c,3413,5159,ndsFighterMarioFoxDLAllDrawForSlot.constprop.0,8800,text
src/port/renderer_adapter_legacy_dl_probes.c,405,439,ndsFighterDLDrawAppendTriangle.isra.0,152,text
src/port/renderer_adapter_legacy_dl_probes.c,441,543,ndsFighterMarioFoxVisitDLDrawCommand,448,text
src/port/renderer_adapter_matrix.c,6844,6964,ndsRendererAdapterComposeOwnerWorldsFlat.constprop.0,468,text
src/port/renderer_adapter_matrix.c,7035,7046,ndsRendererAdapterSourceWorldFromLocal,90,text
src/port/renderer_adapter_matrix.c,7057,7061,ndsRendererAdapterSourceWorldMulLocal,492,text
src/port/renderer_adapter_matrix.c,7101,7130,ndsRendererAdapterSourceWorldTo20p12,276,text
src/port/renderer_adapter_matrix.c,7482,7545,ndsRendererAdapterComposeOwnerWorldsSource.constprop.0,504,text
src/port/renderer_adapter_matrix.c,7647,7704,ndsRendererAdapterPrepareOwnerMatricesPerBinding.constprop.0,152,text
src/port/renderer_adapter_stage.c,5482,5503,ndsRendererAdapterRestoreNativeOwnerMaterialTextureIds.part.0.constprop.0,160,text
