size,name,section,kind,srcfile,line,used_by_unit,kept_by
147840,gSYFramebufferSets,.main.bss,bss,battleship_sys_framebuffer.c,18,ndsFighterPacketTryReplay,ndsFtrLeanVerifyEntries;dMNVSResultsVideoSetup;ndsFtrLeanPacketGuard
28800,sNdsRendererAdapterNativeOwnerMaterials,.main.bss,bss,renderer_adapter_matrix.c,408,ndsFighterMarioFoxDLAllDrawForSlot.constprop.0,ndsFtrLeanMaterializeFor;ndsFtrLeanEvent
17216,ndsRendererHardwareResolveOrBindTexture,.main,text,nds_renderer_textures_effects.c,12695,ndsRendererNativePrepareDirectRun;ndsRendererSubmitHardwareTriangle;ndsRendererNativePrepareProductionRun.constprop.0,ndsRendererNativeTexturedQuadGraded;ndsRendererHardwareBindTextureOwnerMemo;ndsRendererNativeStagePrepareRun.constprop.0
12432,sNdsRendererAdapterNativeOwnerWorkspace,.main.bss,bss,renderer_adapter_matrix.c,640,ndsRendererAdapterRestoreNativeOwnerMaterialTextureIds.part.0.constprop.0;ndsFighterMarioFoxDLAllDrawForSlot.constprop.0;ndsRendererAdapterComposeOwnerWorldsFlat.constprop.0,ndsFighterDrawPlanResolve.part.0.constprop.0;ndsFtrLeanRun;ndsFtrLeanMaterializeFor
8824,sNdsNativeFighterOwnerExecution,.main.bss,bss,nds_renderer_assets.c,6513,ndsRendererR2RunTextureMemoFill;ndsRendererR2RunTextureMemoApply.constprop.0;ndsRendererExecuteNativeFighterRootHardware,ndsRendererNativePreflightProductionOwner.constprop.0;ndsFtrLeanMatShade.constprop.0;ndsRendererNativeBindProductionRoot.constprop.0
8128,sNdsRendererHardwareTextureCache,.main.bss,bss,nds_renderer_preamble.c,5398,ndsRendererR2RunTextureMemoFill;ndsRendererR2RunTextureMemoApply.constprop.0;ndsFighterPacketTryReplay,ndsRendererHardwareEntryKeyEqual;ndsRendererHardwareFindTexture;ndsFtrLeanPacketGuard
7356,sNdsNativeFighterDenseVertices,.main,rodata,nds_native_fighter_owner.generated.inc,567,ndsRendererExecuteNativeFighterOwnerHierarchy;ndsRendererNativeEmitDenseRawRun,sNdsNativeFighterHighTables
6130,sNdsNativeFighterPreparedDense,.main.rw,data,nds_native_fighter_owner.generated.inc,1186,ndsRendererExecuteNativeFighterOwnerHierarchy;ndsRendererNativeEmitDenseRawRun,sNdsNativeFighterHighTables
4704,sNdsFighterDisplayContract,.main.bss,bss,renderer_adapter_fighter.c,36,ndsFighterMarioFoxDLAllDrawForSlot.constprop.0,ndsFighterDisplayContractSetRenderMode;ndsFtrLeanMaterializeFor;ndsFighterDisplayContractSetCycleType
2796,ndsRendererAdapterPrepareMaterialSegment.isra.0,.main,text,renderer_adapter_stage.c,5827,ndsFighterMarioFoxDLAllDrawForSlot.constprop.0,ndsRendererAdapterSubmitStageDL
2480,gNdsFtrLean,.main.bss,bss,renderer_fighter_lean.c,53,ndsFtrLeanOracleNote;ndsFtrLeanOracleSemantic;ndsFighterPacketTryReplay,ndsFtrLeanVerifyEntries;ndsFtrLeanPacketGuard;ndsFtrLeanPacketPatch
2464,sNdsFtrLeanSlots,.main.bss,bss,nds_renderer_native_common.c,10950,ndsFighterPacketTryReplay;ndsFtrLeanOnRecorded.constprop.0,ndsFtrLeanEntryActivate;ndsFtrLeanVerifyEntries;ndsFtrLeanPacketGuard
2048,sNdsRendererAdapterNativeOwnerModelviews,.main.bss,bss,renderer_adapter_matrix.c,559,ndsFighterMarioFoxDLAllDrawForSlot.constprop.0;ndsRendererAdapterComposeOwnerWorldsFlat.constprop.0;ndsRendererAdapterComposeOwnerWorldsSource.constprop.0,ndsFtrLeanRun;ndsFtrLeanMaterializeFor;ndsFtrLeanEvent
1948,ndsRendererAdapterBuildSourceFighterLocalMtx,.main,text,renderer_adapter_matrix.c,7302,ndsRendererAdapterComposeOwnerWorldsSource.constprop.0,ndsFtrLeanSlowLocal
1896,sNdsNativeFighterDenseNormalsLow,.main.bss,bss,nds_renderer_native_common.c,3982,ndsRendererExecuteNativeFighterOwnerProduction,ndsRendererNativePreflightProductionOwner.constprop.0;ndsRendererNativeSelectFighterRuntimeTables
1748,ndsRendererNativeApplyMaterial.part.0,.main,text,nds_renderer_native_common.c,869,ndsRendererExecuteNativeFighterRootHardware;ndsRendererExecuteNativeFighterOwnerHierarchy;ndsRendererExecuteNativeFighterOwnerProduction,ndsRendererSubmitNativeDamageSlash;ndsRendererSubmitNativeItemFFlower;ndsRendererSubmitNativeItemNBumper
1420,sNdsNativeFighterTriangles,.main,rodata,nds_native_fighter_owner.generated.inc,18354,ndsRendererExecuteNativeFighterRootHardware,sNdsNativeFighterHighTables
1412,ndsRendererFastPrepareRawSlots,.main,text,nds_renderer_native_common.c,89,ndsRendererNativePrepareDirectRun;ndsRendererExecuteNativeFighterRootHardware,ndsRendererSubmitNativeImpactWave;ndsRendererSubmitNativeVisualEffect
1208,ndsFighterDrawPlanResolve.part.0.constprop.0,.main,text,renderer_adapter_fighter.c,2630,ndsFighterMarioFoxDLAllDrawForSlot.constprop.0,ndsFtrLeanEvent
1112,ndsRendererHardwareBeginTriangleBatch,.main,text,nds_renderer_textures_effects.c,15764,ndsRendererNativePrepareDirectRun;ndsRendererSubmitHardwareTriangle,ndsRendererSubmitNativeDamageSlash;ndsRendererNativeTexturedQuadGraded;ndsRendererSubmitNativeImpactWave
960,sNdsNativeFighterVertexActions,.main,rodata,nds_native_fighter_owner.generated.inc,402,ndsRendererExecuteNativeFighterRootHardware,sNdsNativeFighterHighTables
952,ndsRendererHardwareClipVertex,.main,text,nds_renderer_textures_effects.c,15671,ndsRendererHardwareSubmitVertex.part.0;ndsRendererHardwareEmitClippedVertex;ndsRendererHardwareSubmitVertexDecalCold.isra.0,ndsRendererSubmitNativeEntryEffect;ndsRendererSubmitNativeKirbyVulcan
912,ndsFighterPacketPatchTexgen,.main,text,nds_renderer_native_common.c,10058,ndsFighterPacketTryReplay;ndsRendererFighterPacketPrecheck,ndsFtrLeanPacketPatch
884,ndsRendererNativeApplyStateDelta,.main,text,nds_renderer_native_common.c,643,ndsRendererExecuteNativeFighterOwnerProduction,ndsRendererNativeApplyStateSpan;ndsRendererNativeStageApplyStateSpan.constprop.0
848,sNdsNativeFighterEpochs,.main,rodata,nds_native_fighter_owner.generated.inc,24869,ndsRendererExecuteNativeFighterRootHardware;ndsRendererExecuteNativeFighterOwnerHierarchy,sNdsNativeFighterHighTables
800,ndsRendererAdapterGetFrameCameraMatrices,.main,text,renderer_adapter_matrix.c,5926,ndsFighterMarioFoxDLAllDrawForSlot.constprop.0,ndsRendererAdapterSetWorldQuadCamera;ndsFtrLeanRun;ndsRendererAdapterSetWorldQuadCameraBasisQ12
748,ndsRendererHardwarePackedVertexColor.part.0,.main,text,nds_renderer_textures_effects.c,2046,ndsRendererHardwareSubmitVertex.part.0;ndsRendererHardwareSubmitNearClippedTriangle,ndsRendererSubmitNativeDamageSlash;ndsRendererNativeTexturedQuadGraded;ndsRendererSubmitNativeEfBronto
744,ndsRendererR2ResolveEpochShade,.main,text,nds_renderer_native_common.c,7146,ndsRendererNativeShadeProductionActions.constprop.0.isra.0,ndsFtrLeanMatShade.constprop.0
740,ndsRendererAdapterPrepareInitialMatrices,.main,text,renderer_adapter_matrix.c,6151,ndsFighterMarioFoxDLAllDrawForSlot.constprop.0,ndsP2NdlPrepareConfig;ndsRendererAdapterTryNativeEntryEffect;ndsRendererAdapterSubmitStageDL
672,ndsRendererSubmitFoxGun,.main,text,nds_renderer_textures_effects.c,10306,ndsFighterMarioFoxDLAllDrawForSlot.constprop.0,ndsFtrLeanRun
660,ndsRendererAdapterBuildDObjWorldMatrix,.text.hot.draw,text,renderer_adapter_matrix.c,5274,ndsRendererAdapterPrepareOwnerMatricesPerBinding.constprop.0,ndsRendererAdapterPrepareInitialMatrices
616,ndsRendererMtxMulAffine20p12,.text.hot.draw,text,nds_renderer_dl_core.c,317,ndsFighterMarioFoxDLAllDrawForSlot.constprop.0;ndsRendererAdapterComposeOwnerWorldsFlat.constprop.0;ndsRendererAdapterComposeOwnerWorldsSource.constprop.0,ndsRendererAdapterBuildDObjWorldMatrixUncached;ndsRendererAdapterBuildPersistentStageWorldMatrix.constprop.0;ndsRendererAdapterBuildDObjWorldMatrix
584,ndsRendererHardwarePackedValidVertexColor,.main,text,nds_renderer_textures_effects.c,1943,ndsRendererHardwareSubmitVertex.part.0;ndsRendererHardwareSubmitNearClippedTriangle,ndsRendererSubmitNativeRebirthHalo;ndsRendererSubmitNativeEntryEffect;ndsRendererNativeStagePrepareRun.constprop.0
568,sNdsNativeFighterRuns,.main,rodata,nds_native_fighter_owner.generated.inc,19068,ndsRendererExecuteNativeFighterRootHardware,sNdsNativeFighterHighTables
544,ndsRendererNativePreflightProductionOwner.constprop.0,.main,text,nds_renderer_native_common.c,3703,ndsRendererExecuteNativeFighterOwnerProduction,ndsFtrLeanMaterialize
484,ndsRendererR2BuildDenseNormals,.main,text,nds_renderer_native_common.c,6472,ndsRendererExecuteNativeFighterOwnerProduction,ndsFtrLeanMaterialize
476,ndsFighterPacketApplyTintPrims,.itcm,text,nds_renderer_native_common.c,9885,ndsFighterPacketTryReplay,ndsFtrLeanPacketPatch
460,ndsRendererNativeFighterSelectRootProgram,.main,text,nds_renderer_assets.c,5660,ndsFighterMarioFoxDLAllDrawForSlot.constprop.0,ndsFtrLeanEvent
460,ndsRendererHardwareLitShadeColorPrepared,.main,text,nds_renderer_textures_effects.c,1681,ndsRendererExecuteNativeFighterRootHardware,ndsRendererSubmitNativeImpactWave;ndsRendererSubmitNativeVisualEffect;ndsRendererSubmitNativeRebirthHalo
456,ndsRendererNativePrepareTexgenDirectionQ15,.main,text,nds_renderer_native_common.c,8441,ndsRendererNativeRebuildProductionRunUv.isra.0,ndsFighterPacketPatchTexgen;ndsFtrLeanPacketPatch
428,ndsRendererInitTraversalState,.main,text,nds_renderer_dl_core.c,1346,ndsRendererExecuteNativeFighterRootHardware;ndsRendererExecuteNativeFighterOwnerHierarchy,ndsFtrLeanMaterialize;ndsRendererSubmitNativeDamageSlash;ndsRendererSubmitNativeDamageFlyMDust
408,ndsRendererHardwareBindNoTexture.constprop.0,.main,text,nds_renderer_textures_effects.c,10511,ndsRendererExecuteNativeFighterOwnerHierarchy;ndsRendererNativePrepareProductionRun.constprop.0,ndsRendererSubmitFoxBlasterQuad;ndsRendererCommitNativeStageSegment;ndsRendererHardwareBeginTriangleBatch
404,ndsRendererHardwarePrepareLitDirection,.main,text,nds_renderer_textures_effects.c,1556,ndsRendererExecuteNativeFighterRootHardware;ndsRendererExecuteNativeFighterOwnerHierarchy,ndsRendererSubmitNativeRebirthHalo;ndsRendererSubmitNativeEntryEffect
368,ndsRendererAdapterGetHierarchyCameraMatrices,.main,text,renderer_adapter_matrix.c,8136,ndsRendererAdapterPrepareNativeOwnerHierarchy.constprop.0,ndsRendererAdapterSubmitNativeEfBronto
352,ndsRendererAdapterValidateNativeOwnerCached,.main,text,renderer_adapter_stage.c,5511,ndsFighterMarioFoxDLAllDrawForSlot.constprop.0,ndsFtrLeanEvent
340,ndsRendererLoadHardwareSplitMatrices,.main,text,nds_renderer_textures_effects.c,14785,ndsFighterPacketLoadSplitMatricesRecord;ndsRendererExecuteNativeFighterOwnerProduction,ndsRendererSubmitNativeDamageSlash;ndsRendererNativeTexturedQuadGraded;ndsRendererSubmitNativeImpactWave
332,ndsRendererHardwareAlpha,.main,text,nds_renderer_textures_effects.c,1181,ndsRendererNativePrepareDirectRun;ndsRendererSubmitHardwareTriangle,ndsRendererSubmitNativeDamageSlash;ndsRendererNativeTexturedQuadGraded;ndsRendererSubmitNativeImpactWave
324,ndsRendererRecordNativeFailure,.main,text,nds_renderer_dispatch_profile.c,14,ndsFighterRejectNativeRender,ndsRunBoundedOpeningRoomDraw;itNBumperAttachedInitVars;ndsStageRejectNativeRender
320,ndsFighterPacketLightWord,.main,text,nds_renderer_native_common.c,10025,ndsFighterPacketTryReplay,ndsFtrLeanMatShade.constprop.0;ndsFtrLeanPacketPatch
320,ndsRendererComposeMatrix,.main,text,nds_renderer_dl_core.c,1282,ndsRendererExecuteNativeFighterRootHardware,ndsRendererInitTraversalState
308,ndsRendererHardwareRecordBattleStaticTextureHit,.main,text,nds_renderer_preamble.c,6225,ndsRendererR2RunTextureMemoApply.constprop.0;ndsRendererExecuteNativeFighterOwnerHierarchy,ndsRendererHardwareResolveOrBindTexture;ndsRendererHardwareBindTextureOwnerMemo;ndsStageGxDraw
304,ndsRendererAdapterBuildDObjLocalMatrix,.main,text,renderer_adapter_matrix.c,3801,ndsFighterMarioFoxDLAllDrawForSlot.constprop.0;ndsRendererAdapterComposeOwnerWorldsFlat.constprop.0;ndsRendererAdapterPrepareNativeOwnerHierarchy.constprop.0,ndsRendererAdapterSubmitNativeEfBronto;ndsRendererAdapterBuildDObjWorldMatrixUncached;ndsRendererAdapterBuildPersistentStageWorldMatrix.constprop.0
288,ndsRendererTransformVertex20p12.part.0.isra.0,.main,text,nds_renderer_dl_core.c,239,ndsRendererTransformCachedVertex,ndsStageGxDraw;ndsRendererSubmitNativeImpactWave;ndsRendererSubmitNativeVisualEffect
288,sNdsNativeFoxRoots,.main,rodata,nds_native_fighter_owner.generated.inc,24948,ndsRendererExecuteNativeFighterRootHardware;ndsRendererExecuteNativeFighterOwnerHierarchy,sNdsNativeFoxHighOwner
272,ndsRendererLoadHardwareMatrices,.main,text,nds_renderer_textures_effects.c,15260,ndsRendererSubmitHardwareTriangleRawMatrixCold;ndsRendererNativePrepareDirectRun;ndsRendererSubmitHardwareTriangle,ndsRendererSubmitNativeImpactWave;ndsRendererSubmitNativeVisualEffect;ndsRendererSubmitNativeEntryEffect
272,ndsRendererHardwareAlphaUsesVertex,.main,text,nds_renderer_textures_effects.c,1235,ndsRendererNativePrepareDirectRun;ndsRendererSubmitHardwareTriangle,ndsRendererSubmitNativeImpactWave;ndsRendererSubmitNativeRebirthHalo;ndsRendererNativeStagePrepareRun.constprop.0
272,sNdsNativeCaptainRoots,.main,rodata,nds_native_fighter_owner.generated.inc,70583,ndsRendererExecuteNativeFighterOwnerHierarchy,sNdsNativeCaptainHighOwner
264,ndsRelocFindLoadedFileContaining,.main,text,reloc_backend_assets.c,6126,ndsFighterMarioFoxDLAllDrawForSlot.constprop.0;ndsFighterRejectNativeRender,ndsRendererAdapterSubmitNativeEfBronto;ndsRendererAdapterImmutableCommandSpan;ndsRendererAdapterValidateNativeOwnerMaterials
264,ndsFighterCollectStripFoxGunSidecar,.main,text,renderer_adapter_fighter.c,1316,ndsFighterMarioFoxDLAllDrawForSlot.constprop.0,ndsFtrLeanRun;ndsFtrLeanEvent
260,ndsRendererLoadHardwareRawComposedMatrix,.main,text,nds_renderer_textures_effects.c,14634,ndsRendererSubmitHardwareTriangleRawMatrixCold,ndsRendererSubmitFoxGun;ndsRendererSubmitNativeEfBronto;ndsRendererCommitNativeStageSegment
256,sNdsNativeDonkeyRoots,.main,rodata,nds_native_fighter_owner.generated.inc,56064,ndsRendererExecuteNativeFighterOwnerHierarchy,sNdsNativeDonkeyHighOwner
252,ndsRendererNativeSelectFighterRuntimeTables,.main,text,nds_renderer_native_common.c,4304,ndsRendererFighterPacketPrecheck;ndsRendererExecuteNativeFighterRootHardware;ndsRendererExecuteNativeFighterOwnerHierarchy,ndsFtrLeanPacketPatch;ndsFtrLeanMaterialize
236,ndsRendererAdapterMaterialRow,.main,text,renderer_adapter_stage.c,5153,ndsFighterMarioFoxDLAllDrawForSlot.constprop.0,ndsFtrLeanEvent
228,ndsRendererHardwareClipTriangleNearPlane,.main,text,nds_renderer_textures_effects.c,16245,ndsRendererHardwareSubmitNearClippedTriangle,ndsRendererNativeStageEmitNearClippedTriangle;ndsRendererNativeStageEmitCrossMatrixTriangle
224,sNdsNativeMarioRoots,.main,rodata,nds_native_fighter_owner.generated.inc,24930,ndsRendererExecuteNativeFighterRootHardware;ndsRendererExecuteNativeFighterOwnerHierarchy,sNdsNativeMarioHighOwner
224,sNdsNativeLuigiRoots,.main,rodata,nds_native_fighter_owner.generated.inc,41531,ndsRendererExecuteNativeFighterOwnerHierarchy,sNdsNativeLuigiHighOwner
224,sNdsNativeSamusRoots,.main,rodata,nds_native_fighter_owner.generated.inc,85659,ndsRendererExecuteNativeFighterOwnerHierarchy,sNdsNativeSamusHighOwner
208,ndsRendererAdapterBuildNativeMaterial,.main,text,renderer_adapter_stage.c,2442,ndsFighterMarioFoxDLAllDrawForSlot.constprop.0,ndsP2NdlEmitImpactWave.constprop.0;ndsRendererAdapterSubmitStageDL
192,ndsRendererAdapterBuildFoxGunJointMtx,.main,text,renderer_adapter_matrix.c,6360,ndsFighterMarioFoxDLAllDrawForSlot.constprop.0,ndsFtrLeanRun
192,ndsRendererAdapterPrimeProductionInputs.constprop.0,.main,text,renderer_adapter_fighter.c,1689,ndsFighterMarioFoxDLAllDrawForSlot.constprop.0,ndsFtrLeanRefreshInputs
192,ndsRendererHardwareBindTextureName,.itcm,text,nds_renderer_textures_effects.c,5838,ndsRendererR2RunTextureMemoApply.constprop.0;ndsRendererExecuteNativeFighterOwnerHierarchy,ndsRendererR2BindTintTile;ndsRendererHardwareBindPrimRgbTexel0AlphaTexture.constprop.0;ndsRendererBindWhispyNativeTextureFast.isra.0
188,ndsRendererHardwareColorSource,.main,text,nds_renderer_textures_effects.c,1085,ndsRendererNativePrepareDirectRun;ndsRendererSubmitHardwareTriangle,ndsRendererSubmitNativeDamageSlash;ndsRendererNativeTexturedQuadGraded;ndsRendererSubmitNativeImpactWave
176,ndsFtrLeanActive,.main,text,nds_renderer_native_common.c,11054,ndsFighterPacketTryReplay;ndsFtrLeanOnRecorded.constprop.0,ndsFtrLeanPacketPatch;ndsFtrLeanPacketSubmit;ndsFtrLeanEntryResetShade
176,ndsRendererHardwareUseTexture,.main,text,nds_renderer_textures_effects.c,1008,ndsRendererNativePrepareDirectRun;ndsRendererSubmitHardwareTriangle,ndsRendererSubmitNativeImpactWave;ndsNativeItemWave1Emit;ndsRendererNativeStagePrepareRun.constprop.0
172,ftGetStructBuildStub,.main,text,reloc_backend_compat_shims.c,12272,ndsFighterMarioFoxDLAllDrawForSlot.constprop.0,ftPhysicsSetGroundVelTransferAir;mpCommonProcFighterCliffFloorCeil;mpCommonSetFighterFallOnGroundBreak
172,ndsFighterNativeLoadedFileAllowed,.main,text,renderer_adapter_fighter.c,2579,ndsFighterMarioFoxDLAllDrawForSlot.constprop.0,ndsFighterDrawPlanResolve.part.0.constprop.0
172,ndsFighterDLDrawResolveDataPointer,.main,text,renderer_adapter_legacy_dl_probes.c,93,ndsFighterMarioFoxVisitDLDrawCommand,ndsFighterDLDrawResolveRendererData
172,ndsRendererNativeApplyStateSpan,.text.hot.draw,text,nds_renderer_native_common.c,817,ndsRendererExecuteNativeFighterRootHardware;ndsRendererExecuteNativeFighterOwnerHierarchy,ndsFtrLeanMaterialize
168,ndsFighterDisplayContractSeedMaterialLights,.main,text,renderer_adapter_fighter.c,1591,ndsFighterMarioFoxDLAllDrawForSlot.constprop.0,ndsFtrLeanMaterializeFor
168,ndsFighterCollectAllDObjsWithDL,.main,text,renderer_adapter_fighter.c,1203,ndsFighterMarioFoxDLAllDrawForSlot.constprop.0,ndsFtrLeanRun;ndsFtrLeanEvent
164,ndsRelocNativeRootOffset,.main,text,reloc_preview_pack.c,150,ndsFighterMarioFoxDLAllDrawForSlot.constprop.0;ndsFighterRejectNativeRender,ndsFighterDrawPlanResolve.part.0.constprop.0;ndsRendererAdapterSubmitStageDL;ndsRendererAdapterTryNativeEntryEffect
160,ndsRendererNativeFighterSetRootProgram,.main,text,nds_renderer_assets.c,5587,ndsFighterMarioFoxDLAllDrawForSlot.constprop.0,ndsFtrLeanRun;ndsFtrLeanEvent
160,ndsRendererHardwareTextureImplicitStateOn,.main,text,nds_renderer_textures_effects.c,975,ndsRendererNativePrepareDirectRun;ndsRendererSubmitHardwareTriangle,ndsRendererHardwareResolveOrBindTexture;ndsRendererHardwareUseTexture;ndsRendererSubmitNativeImpactWave
160,ndsRendererHardwarePolyFmt,.main,text,nds_renderer_textures_effects.c,1279,ndsRendererNativePrepareDirectRun;ndsRendererSubmitHardwareTriangle,ndsRendererSubmitNativeDamageSlash;ndsRendererNativeTexturedQuadGraded;ndsRendererSubmitNativeImpactWave
152,ndsRendererHardwareUseVertexColor,.main,text,nds_renderer_textures_effects.c,1141,ndsRendererNativePrepareDirectRun;ndsRendererSubmitHardwareTriangle,ndsRendererSubmitNativeDamageSlash;ndsRendererNativeTexturedQuadGraded;ndsRendererSubmitNativeImpactWave
152,ndsRendererNativeApplyProductionPreamble,.main,text,nds_renderer_native_common.c,3571,ndsRendererExecuteNativeFighterOwnerHierarchy;ndsRendererExecuteNativeFighterOwnerProduction,ndsRendererNativeBindProductionRoot.constprop.0
148,ndsRendererHardwareEndBatch,.itcm,text,nds_renderer_textures_effects.c,15743,ndsRendererR2WriteLightVector;ndsRendererLoadHardwareGxComposedMatrices;ndsRendererR2OpenTintBatch,ndsRendererBindWhispyNativeTextureFast.isra.0;ndsRendererHardwareReplaceTextureData;ndsFtrLeanPacketSubmit
148,memset,.itcm,text,?,0,ndsRendererAdapterSourceWorldIdentity;ndsFighterMarioFoxDLAllDrawForSlot.constprop.0;ndsRendererAdapterComposeOwnerWorldsSource.constprop.0,dvmDiscCacheCreate;bgInit_call;bgInitSub_call
148,ndsRendererHardwareUseMaterialColor,.main,text,nds_renderer_textures_effects.c,1124,ndsRendererNativePrepareDirectRun;ndsRendererSubmitHardwareTriangle,ndsRendererSubmitNativeDamageSlash;ndsRendererNativeTexturedQuadGraded;ndsRendererSubmitNativeImpactWave
144,ndsRendererNativeBuildHierarchyHardwareAffine,.main,text,nds_renderer_native_common.c,17362,ndsRendererExecuteNativeFighterOwnerHierarchy,ndsRendererCommitNativeStageSegment;ndsStageGxDraw
142,sNdsNativeFighterRunFirstUnique,.main,rodata,nds_native_fighter_owner.generated.inc,6933,ndsRendererExecuteNativeFighterOwnerHierarchy,sNdsNativeFighterHighTables
132,ndsFighterPacketTexturesResident,.main,text,nds_renderer_native_common.c,9828,ndsFighterPacketMatches;ndsFighterPacketTryReplay,ndsFtrLeanPacketGuard
132,ndsRendererAdapterMaterialAnimHash,.itcm,text,renderer_adapter_stage.c,5226,ndsFighterMarioFoxDLAllDrawForSlot.constprop.0,ndsRendererAdapterMaterialIdentity;ndsFtrLeanRun;ndsFtrLeanBuildWatch
128,ndsRendererAdapterValidateNativeOwnerMaterials,.main,text,renderer_adapter_stage.c,5442,ndsFighterMarioFoxDLAllDrawForSlot.constprop.0,ndsFtrLeanEvent
128,sNdsNativeProductionResolvedLightPreambleCounts,.main.bss,bss,nds_renderer_native_common.c,3700,ndsRendererExecuteNativeFighterOwnerProduction,ndsRendererNativePreflightProductionOwner.constprop.0;ndsFtrLeanMaterialize
128,sNdsNativeProductionResolvedLightPreambles,.main.bss,bss,nds_renderer_native_common.c,3698,ndsRendererExecuteNativeFighterOwnerProduction,ndsRendererNativePreflightProductionOwner.constprop.0;ndsFtrLeanMaterialize
128,sNdsNativeProductionResolvedTables,.main.bss,bss,nds_renderer_native_common.c,3697,ndsRendererExecuteNativeFighterOwnerProduction,ndsRendererNativePreflightProductionOwner.constprop.0;ndsFtrLeanMaterialize
120,memcmp,.main,text,?,0,ndsFighterMarioFoxDLAllDrawForSlot.constprop.0;ndsRendererExecuteNativeFighterRootHardware,ndsNativeWallpaperDraw;ndsRendererHardwareEntryKeyEqual;check_fs
120,ndsRendererMatrixCopy20p12,.main,text,nds_renderer.h,402,ndsRendererAdapterComposeOwnerWorldsSource.constprop.0,ndsRendererAdapterGetHierarchyCameraMatrices
120,__wrap_cpuGetTiming,.itcm,text,nds_platform.c,466,ndsRendererExecuteNativeFighterOwnerProduction;ndsRendererBeginNativeFighterOwner,ndsStageGxDraw;ndsRendererSubmitWhispyNativeQuad;ndsFtrLeanPacketSubmit
116,memcpy,.itcm,text,?,0,ndsFighterMarioFoxDLAllDrawForSlot.constprop.0;ndsRendererAdapterComposeOwnerWorldsSource.constprop.0;ndsRendererAdapterPrepareOwnerMatricesPerBinding.constprop.0,_dvmIdentMbrVbr;dvmReadPartitionTable;dvmProbeMountDisc
116,ndsRendererProfileSetOwner,.itcm,text,nds_renderer_dispatch_profile.c,173,ndsFighterMarioFoxDLAllDrawForSlot.constprop.0,ndsFtrLeanRun;ndsFtrLeanMaterializeFor;ndsRendererAdapterBeginStageTraversal
112,ndsRendererAdapterSetShuffleOffset,.main,text,renderer_adapter_matrix.c,6533,ndsFighterMarioFoxDLAllDrawForSlot.constprop.0,ndsFtrLeanRun
112,sNdsNativeKirbyRoots,.main,rodata,nds_native_fighter_owner.generated.inc,171500,ndsRendererExecuteNativeFighterOwnerHierarchy,sNdsNativeKirbyHighOwner
108,sNdsRendererRuntimeFrameSummary,.dtcm,data,nds_renderer_preamble.c,4078,ndsRendererLoadHardwareGxComposedMatrices;ndsRendererR2OpenTintBatch;ndsRendererHardwareClipVertexNdcDepth,ndsRendererHardwareFindTexture;ndsRendererBindWhispyNativeTextureFast.isra.0;ndsRendererHardwareEndBatch
104,ndsFighterKirbyTrioBodyActive,.main,text,renderer_adapter_fighter.c,1418,ndsFighterMarioFoxDLAllDrawForSlot.constprop.0,ndsFtrLeanEvent
