pc,cycles,pct_fn,executions,cyc_per_insn,cyc_per_frame_1601,instruction
0x020660f0,3890792,6.289,430671,9.03,2430.2,"push {r4, r5, r6, r7, r8, r9, sl, fp, lr}"
0x020660f4,430671,0.696,430671,1.00,269.0,"ldrb r2, [r0, #5]"
0x020660f8,569216,0.920,430671,1.32,355.5,"ldr lr, [r0, #12]"
0x020660fc,870826,1.408,430671,2.02,543.9,"cmp r2, #5"
0x02066100,445821,0.721,430671,1.04,278.5,"ldr ip, [r0, #8]"
0x02066104,691582,1.118,430671,1.61,432.0,"ldr r3, [r0, #16]"
0x02066108,526695,0.851,430671,1.22,329.0,"sub sp, sp, #12"
0x0206610c,1120428,1.811,430671,2.60,699.8,beq 2066394 <ndsR2AnimValueQ+0x2a4>
0x02066110,561996,0.908,235824,2.38,351.0,"ldr r4, [r0, #24]"
0x02066114,281508,0.455,235824,1.19,175.8,"cmp r2, #6"
0x02066118,337015,0.545,235824,1.43,210.5,"asr r2, r4, #31"
0x0206611c,253065,0.409,235824,1.07,158.1,"mov r5, lr"
0x02066120,253035,0.409,235824,1.07,158.0,"asr fp, lr, #31"
0x02066124,253035,0.409,235824,1.07,158.0,"asr r9, r3, #31"
0x02066128,429421,0.694,235824,1.82,268.2,"str r2, [sp]"
0x0206612c,287960,0.465,235824,1.22,179.9,beq 2066334 <ndsR2AnimValueQ+0x244>
0x02066130,238780,0.386,225700,1.06,149.1,"cmp lr, #4194304	@ 0x400000"
0x02066134,238780,0.386,225700,1.06,149.1,bgt 2066460 <ndsR2AnimValueQ+0x370>
0x02066138,348587,0.563,225700,1.54,217.7,"cmn lr, #4194304	@ 0x400000"
0x0206613c,244420,0.395,225700,1.08,152.7,blt 2066408 <ndsR2AnimValueQ+0x318>
0x02066140,244420,0.395,225700,1.08,152.7,"mov r1, #33554432	@ 0x2000000"
0x02066144,244450,0.395,225700,1.08,152.7,"mov r2, #0"
0x02066148,470120,0.760,225700,2.08,293.6,"smlal r1, r2, ip, lr"
0x0206614c,238180,0.385,225700,1.06,148.8,"lsr r1, r1, #26"
0x02066150,244420,0.395,225700,1.08,152.7,"orr r1, r1, r2, lsl #6"
0x02066154,244450,0.395,225700,1.08,152.7,"cmp r1, #131072	@ 0x20000"
0x02066158,329916,0.533,225700,1.46,206.1,bgt 2066424 <ndsR2AnimValueQ+0x334>
0x0206615c,244014,0.394,225660,1.08,152.4,"cmn r1, #131072	@ 0x20000"
0x02066160,244014,0.394,225660,1.08,152.4,blt 20663cc <ndsR2AnimValueQ+0x2dc>
0x02066164,244014,0.394,225660,1.08,152.4,"mov ip, #32768	@ 0x8000"
0x02066168,244044,0.394,225660,1.08,152.4,"mov r2, #0"
0x0206616c,469674,0.759,225660,2.08,293.4,"smlal ip, r2, r1, r1"
0x02066170,237896,0.385,225660,1.05,148.6,"lsr ip, ip, #16"
0x02066174,244014,0.394,225660,1.08,152.4,"orr ip, ip, r2, lsl #16"
0x02066178,330108,0.534,225660,1.46,206.2,"asr r2, r2, #16"
0x0206617c,244263,0.395,225660,1.08,152.6,"mul r2, r1, r2"
0x02066180,463722,0.750,225660,2.05,289.6,"asr lr, r1, #31"
0x02066184,244293,0.395,225660,1.08,152.6,"sub r6, ip, ip, lsl #2"
0x02066188,244263,0.395,225660,1.08,152.6,"mla r2, ip, lr, r2"
0x0206618c,463722,0.750,225660,2.05,289.6,"sub lr, ip, r1, lsl #1"
0x02066190,469923,0.760,225660,2.08,293.5,"umull r7, ip, r1, ip"
0x02066194,238062,0.385,225660,1.05,148.7,"add r8, lr, #65536	@ 0x10000"
0x02066198,330780,0.535,225660,1.47,206.6,"add r1, r1, lr"
0x0206619c,244386,0.395,225660,1.08,152.6,"adds lr, r7, #32768	@ 0x8000"
0x020661a0,244356,0.395,225660,1.08,152.6,"adc r2, r2, ip"
0x020661a4,244356,0.395,225660,1.08,152.6,"lsr lr, lr, #16"
0x020661a8,244356,0.395,225660,1.08,152.6,"orr lr, lr, r2, lsl #16"
0x020661ac,244356,0.395,225660,1.08,152.6,"rsb r2, r6, #0"
0x020661b0,244356,0.395,225660,1.08,152.6,"add ip, r6, lr, lsl #1"
0x020661b4,244356,0.395,225660,1.08,152.6,"sub r6, r2, lr, lsl #1"
0x020661b8,325466,0.526,225661,1.44,203.3,"add ip, ip, #65536	@ 0x10000"
0x020661bc,243288,0.393,225660,1.08,152.0,"str r6, [sp]"
0x020661c0,243288,0.393,225660,1.08,152.0,"asr r6, r6, #31"
0x020661c4,243288,0.393,225660,1.08,152.0,"mov r2, r8"
0x020661c8,243288,0.393,225660,1.08,152.0,"asr lr, r8, #31"
0x020661cc,243288,0.393,225660,1.08,152.0,"asr sl, ip, #31"
0x020661d0,243288,0.393,225660,1.08,152.0,"asr r8, r1, #31"
0x020661d4,243291,0.393,225661,1.08,152.0,"str r6, [sp, #4]"
0x020661d8,349050,0.564,225700,1.55,218.0,"mul r6, ip, r9"
0x020661dc,462008,0.747,225700,2.05,288.6,"mla r6, r3, sl, r6"
0x020661e0,687678,1.112,225700,3.05,429.5,"umull r9, r3, ip, r3"
0x020661e4,236278,0.382,225700,1.05,147.6,"mul ip, r5, r8"
0x020661e8,461978,0.747,225700,2.05,288.6,"add sl, r6, r3"
0x020661ec,493624,0.798,225700,2.19,308.3,"ldr r8, [sp, #4]"
0x020661f0,365156,0.590,225700,1.62,228.1,"ldr r3, [r0, #20]"
0x020661f4,238741,0.386,225700,1.06,149.1,"mul lr, r5, lr"
0x020661f8,538151,0.870,225700,2.38,336.1,"mul r8, r3, r8"
0x020661fc,462020,0.747,225700,2.05,288.6,"ldr r7, [sp]"
0x02066200,241585,0.390,225700,1.07,150.9,"mla lr, r2, fp, lr"
0x02066204,462020,0.747,225700,2.05,288.6,"mla ip, r1, fp, ip"
0x02066208,462050,0.747,225700,2.05,288.6,"asr fp, r3, #31"
0x0206620c,241585,0.390,225700,1.07,150.9,"mla r6, fp, r7, r8"
0x02066210,687690,1.112,225700,3.05,429.5,"umull r7, r8, r3, r7"
0x02066214,456695,0.738,225700,2.02,285.3,"add r3, r6, r8"
0x02066218,540642,0.874,225701,2.40,337.7,"umull r2, r8, r5, r2"
0x0206621c,236258,0.382,225700,1.05,147.6,"adds r7, r7, r9"
0x02066220,241522,0.390,225700,1.07,150.9,"adc r6, sl, r3"
0x02066224,241492,0.390,225700,1.07,150.8,"adds r2, r2, #2048	@ 0x800"
0x02066228,241492,0.390,225700,1.07,150.8,"adc lr, lr, r8"
0x0206622c,241492,0.390,225700,1.07,150.8,"lsr r2, r2, #12"
0x02066230,467192,0.755,225700,2.07,291.8,"umull r3, r1, r5, r1"
0x02066234,236228,0.382,225700,1.05,147.6,"orr r2, r2, lr, lsl #20"
0x02066238,347367,0.561,225700,1.54,217.0,"asr r5, r4, #31"
0x0206623c,247351,0.400,225700,1.10,154.5,"mul r5, r2, r5"
0x02066240,465834,0.753,225700,2.06,291.0,"asr lr, lr, #12"
0x02066244,247351,0.400,225700,1.10,154.5,"mla lr, r4, lr, r5"
0x02066248,465864,0.753,225700,2.06,291.0,"mov r5, r4"
0x0206624c,473051,0.765,225700,2.10,295.5,"umull r2, r4, r5, r2"
0x02066250,240134,0.388,225700,1.06,150.0,"adds r2, r2, r7"
0x02066254,247351,0.400,225700,1.10,154.5,"add lr, lr, r4"
0x02066258,426965,0.690,225700,1.89,266.7,"ldr r0, [r0, #28]"
0x0206625c,273785,0.443,225700,1.21,171.0,"adc lr, lr, r6"
0x02066260,247345,0.400,225700,1.10,154.5,"adds r3, r3, #2048	@ 0x800"
0x02066264,247345,0.400,225700,1.10,154.5,"adc ip, ip, r1"
0x02066268,247345,0.400,225700,1.10,154.5,"lsr r3, r3, #12"
0x0206626c,247345,0.400,225700,1.10,154.5,"orr r3, r3, ip, lsl #20"
0x02066270,247345,0.400,225700,1.10,154.5,"asr r1, r0, #31"
0x02066274,247345,0.400,225700,1.10,154.5,"mul r1, r3, r1"
0x02066278,557679,0.901,225701,2.47,348.3,"asr ip, ip, #12"
0x0206627c,244807,0.396,225700,1.08,152.9,"mla r1, r0, ip, r1"
0x02066280,464121,0.750,225701,2.06,289.9,"mov ip, r0"
0x02066284,470477,0.760,225700,2.08,293.9,"umull r3, r0, ip, r3"
0x02066288,238418,0.385,225700,1.06,148.9,"adds r3, r3, r2"
0x0206628c,244777,0.396,225700,1.08,152.9,"add r2, r1, r0"
0x02066290,244777,0.396,225700,1.08,152.9,"adc r2, r2, lr"
0x02066294,244777,0.396,225700,1.08,152.9,"adds r3, r3, #32768	@ 0x8000"
0x02066298,311684,0.504,225700,1.38,194.7,"adc r2, r2, #0"
0x0206629c,240955,0.389,225700,1.07,150.5,"lsr r3, r3, #16"
0x020662a0,240895,0.389,225700,1.07,150.5,"orr r3, r3, r2, lsl #16"
0x020662a4,240895,0.389,225700,1.07,150.5,"cmp r3, #-2147483648	@ 0x80000000"
0x020662a8,240895,0.389,225700,1.07,150.5,"asr r2, r2, #16"
0x020662ac,240895,0.389,225700,1.07,150.5,"sbcs r1, r2, #0"
0x020662b0,240895,0.389,225700,1.07,150.5,bge 206647c <ndsR2AnimValueQ+0x38c>
0x020662b4,240925,0.389,225700,1.07,150.5,"cmp r3, #-2147483647	@ 0x80000001"
0x020662b8,251119,0.406,225700,1.11,156.9,"adcs r2, r2, #0"
0x020662bc,230191,0.372,225700,1.02,143.8,blt 20664b8 <ndsR2AnimValueQ+0x3c8>
0x020662c0,479855,0.776,225700,2.13,299.7,"ldr r1, [pc, #536]	@ 20664e0 <ndsR2AnimValueQ+0x3f0>"
0x020662c4,1185897,1.917,225700,5.25,740.7,"ldr r2, [r1]"
0x020662c8,514157,0.831,225701,2.28,321.1,"add r2, r2, #1"
0x020662cc,564619,0.913,225700,2.50,352.7,"str r2, [r1]"
0x020662d0,439890,0.711,430671,1.02,274.8,"cmp r3, #0"
0x020662d4,439890,0.711,430671,1.02,274.8,"moveq r0, #0"
0x020662d8,915337,1.479,430672,2.13,571.7,beq 206632c <ndsR2AnimValueQ+0x23c>
0x020662dc,297082,0.480,288121,1.03,185.6,"rsblt r3, r3, #0"
0x020662e0,297085,0.480,288122,1.03,185.6,"clzlt r2, r3"
0x020662e4,297082,0.480,288121,1.03,185.6,"clzge r2, r3"
0x020662e8,585203,0.946,288121,2.03,365.5,"lsl r3, r3, r2"
0x020662ec,294098,0.475,288122,1.02,183.7,"and ip, r3, #255	@ 0xff"
0x020662f0,297090,0.480,288122,1.03,185.6,"movlt r1, #-2147483648	@ 0x80000000"
0x020662f4,297079,0.480,288121,1.03,185.6,"movge r1, #0"
0x020662f8,368676,0.596,288121,1.28,230.3,"cmp ip, #128	@ 0x80"
0x020662fc,302191,0.488,288121,1.05,188.8,"lsr r0, r3, #8"
0x02066300,302191,0.488,288121,1.05,188.8,bhi 20663a0 <ndsR2AnimValueQ+0x2b0>
0x02066304,302191,0.488,288121,1.05,188.8,"lsl r3, r3, #23"
0x02066308,302191,0.488,288121,1.05,188.8,"lsr r3, r3, #23"
0x0206630c,302191,0.488,288121,1.05,188.8,"cmp r3, #384	@ 0x180"
0x02066310,302191,0.488,288121,1.05,188.8,beq 20663a0 <ndsR2AnimValueQ+0x2b0>
0x02066314,302191,0.488,288121,1.05,188.8,"bic r0, r0, #-16777216	@ 0xff000000"
0x02066318,357865,0.578,288121,1.24,223.5,"bic r0, r0, #8388608	@ 0x800000"
0x0206631c,300493,0.486,288121,1.04,187.7,"rsb r2, r2, #158	@ 0x9e"
0x02066320,300493,0.486,288121,1.04,187.7,"orr r0, r0, r1"
0x02066324,300493,0.486,288121,1.04,187.7,"orr r0, r0, r2, lsl #23"
0x02066328,300493,0.486,288121,1.04,187.7,"add r0, r0, #-100663296	@ 0xfa000000"
0x0206632c,448872,0.726,430671,1.04,280.4,"add sp, sp, #12"
0x02066330,5753204,9.299,430671,13.36,3593.5,"pop {r4, r5, r6, r7, r8, r9, sl, fp, pc}"
0x02066334,10286,0.017,10124,1.02,6.4,"mov r2, #32768	@ 0x8000"
0x02066338,67132,0.109,10124,6.63,41.9,"mov r1, #0"
0x0206633c,30220,0.049,10124,2.98,18.9,"smlal r2, r1, lr, r4"
0x02066340,16772,0.027,10124,1.66,10.5,"lsr r2, r2, #16"
0x02066344,20096,0.032,10124,1.98,12.6,"orr r2, r2, r1, lsl #16"
0x02066348,20096,0.032,10124,1.98,12.6,"adds r2, r2, r3"
0x0206634c,20096,0.032,10124,1.98,12.6,"adc r1, r9, r1, asr #16"
0x02066350,20096,0.032,10124,1.98,12.6,"cmp r2, #-2147483648	@ 0x80000000"
0x02066354,20096,0.032,10124,1.98,12.6,"sbcs r3, r1, #0"
0x02066358,69354,0.112,10124,6.85,43.3,bge 20664a4 <ndsR2AnimValueQ+0x3b4>
0x0206635c,20600,0.033,10124,2.03,12.9,"cmp r2, #-2147483647	@ 0x80000001"
0x02066360,20600,0.033,10124,2.03,12.9,"adcs r1, r1, #0"
0x02066364,20630,0.033,10124,2.04,12.9,"movge r3, r2"
0x02066368,87331,0.141,10124,8.63,54.5,bge 20662d0 <ndsR2AnimValueQ+0x1e0>
0x02066394,213345,0.345,194847,1.09,133.3,"cmp ip, lr"
0x02066398,722965,1.169,194847,3.71,451.6,"ldrle r3, [r0, #20]"
0x0206639c,949187,1.534,194847,4.87,592.9,b 20662d0 <ndsR2AnimValueQ+0x1e0>
0x02066424,103,0.000,40,2.58,0.1,"mvn r2, #0"
0x02066428,103,0.000,40,2.58,0.1,"mov lr, #0"
0x0206642c,127,0.000,40,3.17,0.1,"ldr r1, [pc, #176]	@ 20664e4 <ndsR2AnimValueQ+0x3f4>"
0x02066430,130,0.000,40,3.25,0.1,"str r2, [sp, #4]"
0x02066434,100,0.000,40,2.50,0.1,"ldr r2, [r1]"
0x02066438,477,0.001,40,11.93,0.3,"ldr r6, [pc, #176]	@ 20664f0 <ndsR2AnimValueQ+0x400>"
0x0206643c,118,0.000,40,2.95,0.1,"add r2, r2, #1"
0x02066440,118,0.000,40,2.95,0.1,"str r2, [r1]"
0x02066444,118,0.000,40,2.95,0.1,"mov sl, lr"
0x02066448,118,0.000,40,2.95,0.1,"mov ip, #327680	@ 0x50000"
0x0206644c,118,0.000,40,2.95,0.1,"mov r1, #131072	@ 0x20000"
0x02066450,118,0.000,40,2.95,0.1,"mov r2, #65536	@ 0x10000"
0x02066454,118,0.000,40,2.95,0.1,"mov r8, lr"
0x02066458,465,0.001,40,11.62,0.3,"str r6, [sp]"
0x0206645c,820,0.001,40,20.50,0.5,b 20661d8 <ndsR2AnimValueQ+0xe8>
