frame,ALL,FTR,STG,BG,AUD,HUD,SRC,MISC,OTHR,WAIT,WORK,SHDT,SWRM,GCRA,SCPU,SCAT,SPRM,SINT,SPHD,SPHC,WORK-H,WRAPFIX
2,6159552,1006784,4054528,4288,93184,419776,303744,93440,183808,157312,6002240,8128,1280,298240,0,1856,3200,109952,86144,1088,5582464,0
3,1676864,16768,908736,4224,134912,5824,194816,74944,336640,316160,1360704,768,1344,189440,0,1408,2944,72896,27840,1152,1354880,0
4,1117632,17152,157632,4288,2752,5440,194176,71232,664960,644288,473344,768,1280,188736,0,1216,2816,73088,27840,1088,467904,0
5,1117376,16320,153600,4288,2688,5440,194112,70784,670144,649984,467392,704,1408,188544,0,1408,2816,73152,28160,1152,461952,0
6,1117760,16768,154048,4160,2880,5312,192256,71680,670656,650560,467200,640,1152,186880,0,1344,3136,72320,27072,1024,461888,0
7,1117568,17856,153152,4160,2816,5440,191744,71040,671360,651328,466240,576,1216,186304,0,1280,3008,71872,27136,960,460800,0
8,1117696,16896,154688,4224,2944,5248,191104,71424,671168,650880,466816,768,1216,185920,0,1216,2752,71168,27264,1024,461568,0
9,1117376,17472,153408,4224,2560,5376,193024,70400,670912,650688,466688,640,1280,187648,0,1216,2816,72640,28288,1088,461312,0
10,1117888,17088,154496,4160,2816,5440,192064,72192,669632,649472,468416,704,1216,186688,0,1344,3008,71616,27264,1088,462976,0
11,1117632,17088,155648,4288,2752,5376,192192,72256,668032,647424,470208,704,1344,186816,0,1152,2880,71488,27968,1152,464832,0
12,1117632,17024,155072,4160,2624,5504,191232,70272,671744,651456,466176,832,1216,185856,0,1280,3008,71552,27520,1024,460672,0
13,1117632,17280,153728,4288,2880,5504,191360,70272,672320,652608,465024,704,1216,186240,0,1216,2880,72320,27712,960,459520,0
14,1117696,16960,154496,4224,2688,5376,192576,72064,669312,648896,468800,640,1344,187264,0,1216,3200,72320,27136,1024,463424,0
15,1117376,16960,156032,4224,2816,5376,190784,71040,670144,650304,467072,640,1280,185664,0,1152,2944,71232,27648,1216,461696,0
16,1117952,17152,153664,4288,2752,5376,192448,70464,671808,651456,466496,576,1216,187392,0,1280,2944,72448,27392,1088,461120,0
17,1117888,16576,154432,4288,2816,231680,192192,70720,445184,424384,693504,832,1280,186944,0,1472,2880,71936,27584,1088,461824,0
18,1117504,17024,154880,4224,2816,5440,193024,71616,668480,648256,469248,896,1280,187648,0,1280,2816,72768,27392,1216,463808,0
19,1117696,16640,154304,4160,94080,5376,192960,69888,580288,559232,558464,768,1344,187200,0,1216,2880,71744,27712,960,553088,0
20,1117312,17344,153536,4288,2752,5312,192768,71040,670272,649920,467392,704,1280,187328,0,1280,3136,72448,27136,1152,462080,0
21,1117696,16512,153408,4288,2816,5504,193856,71168,670144,650048,467648,704,1280,188608,0,1344,3072,72768,27776,1152,462144,0
22,1117696,17088,154112,4224,2944,5376,191808,70976,671168,651072,466624,704,1344,186688,0,1152,2880,72320,27328,1152,461248,0
23,1118080,17408,154112,4352,2816,5440,192256,71360,670336,649984,468096,640,1216,186944,0,1088,2880,72704,27776,1088,462656,0
24,1117312,16896,153920,4224,2752,5312,190848,70976,672384,652288,465024,704,1344,185408,0,1088,2944,71552,27840,1088,459712,0
25,1117696,16768,153792,4288,2752,5504,193344,72064,669184,648704,468992,832,1344,187904,0,1408,2752,72320,28288,1024,463488,0
26,1117760,16512,154880,4288,2624,5504,192192,70976,670784,650368,467392,576,1280,187136,0,1408,3136,72384,26944,1024,461888,0
27,1117568,17024,155072,4224,2816,5312,191616,70400,671104,650688,466880,704,1280,186176,0,1088,3008,72128,27648,1152,461568,0
28,1117696,16448,154048,4224,2944,5312,191552,71232,671936,651392,466304,768,1344,186176,0,1280,2816,72128,27328,1088,460992,0
29,1117568,16896,155072,4224,2624,5504,191168,71488,670592,650496,467072,704,1216,185856,0,1344,2816,71680,27136,1088,461568,0
30,1117632,16832,154816,4224,2752,5184,191360,70336,672128,651840,465792,832,1280,186048,0,1280,3008,71872,28096,960,460608,0
31,1118080,17280,153600,4352,2880,5376,192384,71488,670720,650368,467712,768,1280,187072,0,1152,2816,72768,27776,1024,462336,0
32,1117824,16704,153792,4224,2816,250624,192128,70656,426880,406208,711616,768,1280,186816,0,1216,2944,72512,27456,1088,460992,0
33,1117056,16576,153024,4352,2624,5312,192192,70400,672576,652416,464640,768,1216,186752,0,1152,2944,71808,27584,1152,459328,0
34,1117568,16896,154560,4288,2944,5312,191744,72000,669824,649472,468096,896,1280,186496,0,1152,2880,72064,27520,1088,462784,0
35,1117248,16640,153920,4096,2944,5376,191296,71168,671808,652096,465152,768,1280,186048,0,1344,2944,72192,27392,1024,459776,0
36,1117760,17216,154368,4224,2688,5504,193024,71424,669312,649344,468416,640,1152,187840,0,1408,3136,71936,27776,1088,462912,0
37,1117952,17344,153664,4352,2688,5248,192128,70656,671872,651968,465984,640,1280,186624,0,1088,3008,71296,28096,1152,460736,0
38,1118016,16768,153280,4224,2880,5312,191936,72128,671488,651264,466752,704,1344,186368,0,1280,2880,72000,27840,1216,461440,0
39,1117312,16704,154752,4224,2816,5248,192640,71616,669312,649536,467776,768,1344,187136,0,1088,2944,72576,27200,1088,462528,0
40,1117504,16768,154112,4224,2752,5376,191872,71360,671040,651264,466240,704,1280,186432,0,1216,2880,72000,27712,1088,460864,0
41,1117952,16640,153792,4288,94144,5632,194304,71616,577536,556864,561088,704,1344,188480,0,1152,2752,72128,27968,1088,555456,0
42,1116928,16576,155904,4224,2816,5184,192128,70080,670016,650176,466752,640,1280,186752,0,1344,3136,71936,27840,960,461568,0
43,1117440,16832,155072,4288,2816,5248,192000,70336,670848,651136,466304,768,1280,186496,0,1216,3008,72192,27648,1088,461056,0
44,1117760,16960,155648,4224,2688,5248,192192,71296,669504,649536,468224,832,1280,186624,0,1216,2816,71808,28160,1088,462976,0
45,1117824,16384,154112,4288,2752,5312,191488,70656,672832,652928,464896,640,1280,186048,0,1152,2944,71168,27712,1280,459584,0
46,1117440,17344,155392,4224,2688,5504,193088,71104,668096,647808,469632,704,1280,187520,0,1280,2880,72000,27840,1088,464128,0
47,2798592,26752,155712,4160,2688,284992,1609856,179520,534912,504960,2293632,768,1344,1604224,0,1280,3072,84416,33856,1088,2008640,0
48,1117952,26624,154688,4224,2752,16320,231936,178944,502464,473344,644608,640,1280,226624,0,1344,3072,97728,33088,960,628288,0
49,1117248,25984,155392,4224,2816,16576,233984,179072,499200,470912,646336,640,1280,228416,0,1280,3072,98304,33792,1152,629760,0
50,1117696,26176,156672,4096,2752,16512,233856,178624,499008,470976,646720,704,1280,228864,0,1344,3072,98176,33664,1088,630208,0
51,1118144,26176,156480,4224,2944,16512,233856,178048,499904,471232,646912,768,1344,228544,0,1408,2944,98560,34048,1088,630400,0
52,1117248,26816,156288,4160,2624,16576,232960,178432,499392,471296,645952,768,1280,227520,0,1280,3008,97984,33792,1088,629376,0
53,1117504,26752,154816,4224,2752,16448,233664,179776,499072,471808,645696,640,1280,228096,0,1216,3328,98816,33856,1024,629248,0
54,1118080,26432,154432,4288,2880,16384,233792,179328,500544,473088,644992,704,1280,228160,0,1280,3072,98560,33984,1024,628608,0
55,1117632,26624,155264,4288,2816,16576,233216,177792,501056,473728,643904,768,1280,227584,0,1280,3072,98240,33856,960,627328,0
56,1117184,26688,155264,4160,2816,16640,231936,177920,501760,475392,641792,640,1344,226560,0,1280,2688,97344,33664,896,625152,0
57,1118208,26688,156160,4224,2752,16704,234176,178112,499392,472064,646144,640,1216,228800,0,1088,2880,98496,34560,1088,629440,0
58,2237696,32320,155200,4096,2816,16256,1361216,422976,242816,215168,2022528,832,1216,1355776,0,1472,3136,109824,38080,1088,2006272,0
59,2238016,867456,160640,4096,2624,16192,283136,430720,473152,446016,1792000,896,1344,277632,0,1344,3072,124224,37440,1088,1775808,0
60,1677952,197888,158464,4224,135680,302016,282432,427456,169792,142592,1535360,768,1344,276800,0,1408,3072,123328,37568,1088,1233344,0
61,1117504,198144,155200,4096,2752,16128,278848,431104,31232,4416,1113088,896,1216,273408,0,1344,2880,119680,38400,1152,1096960,0
62,1677888,198720,155200,4224,3136,16512,452736,429632,417728,390848,1287040,640,1216,447232,0,1472,3072,292544,38400,1024,1270528,0
63,1117568,197824,155072,4160,2944,16576,276608,425280,39104,12352,1105216,768,1216,271040,0,1472,3008,119104,37120,960,1088640,0
64,1117760,197696,154368,4224,2880,16256,278912,424512,38912,12160,1105600,768,1280,273536,0,1216,2880,119936,37504,1152,1089344,0
65,1117696,197568,155392,4224,2880,16384,278464,425408,37376,10816,1106880,768,1280,273216,0,1408,3072,119360,38144,1088,1090496,0
66,1117312,197760,154688,4160,3008,16448,277184,426112,37952,11648,1105664,768,1408,271744,0,1344,3136,120000,37056,1088,1089216,0
67,1117760,200320,155392,4160,2944,16192,277120,432320,29312,2752,1115008,832,1152,272000,0,1472,2880,119104,37184,1024,1098816,0
68,1117888,197504,156160,4160,2944,16512,278208,428736,33664,6848,1111040,768,1280,272768,0,1344,2880,119232,37888,960,1094528,0
69,13441728,2548032,4747968,4224,3136,318144,2224768,3127680,467776,441344,13000384,832,1280,2219264,0,1344,3200,134144,372224,1152,12682240,0
70,7279488,534784,4529408,4224,138816,16256,340352,1507968,207680,180864,7098624,704,1280,334784,0,1344,3392,148736,39360,1024,7082368,0
71,7839936,533312,4872000,4288,4288,16064,345984,1516736,547264,520640,7319296,640,1216,340352,0,1152,3072,148480,39296,1024,7303232,0
72,7840128,535552,4871104,4224,3072,321664,339456,1514688,250368,223936,7616192,704,1344,333952,0,1408,3072,148672,39104,1152,7294528,0
73,7839744,537920,4870592,4224,3008,16128,498688,1520576,388608,361664,7478080,704,1344,493120,0,1280,3264,300992,39232,1216,7461952,0
74,7839872,534848,4869952,4288,137024,16448,341120,1514560,421632,394624,7445248,832,1408,335424,0,1344,3136,149056,39616,960,7428800,0
75,7839872,533568,4868736,4288,4480,325504,347456,1516736,239104,212480,7627392,896,1280,342080,0,1408,3072,149376,39488,1024,7301888,0
76,7839744,536960,4873408,4288,5312,16576,340544,1514048,548608,522304,7317440,768,1344,334848,0,1472,3328,148608,39680,1024,7300864,0
77,7840000,534976,4872960,4224,96256,16384,347328,1513728,454144,427520,7412480,704,1408,341376,0,1408,3072,150336,39552,1024,7396096,0
78,7839680,535616,4867520,4224,2816,317440,337856,1520448,253760,227136,7612544,768,1280,332352,0,1472,2944,147840,40384,1280,7295104,0
79,7840192,536896,4871360,4288,2752,16064,346304,1512000,550528,523968,7316224,832,1280,340672,0,1472,3072,149504,39360,1024,7300160,0
80,9520512,536640,4865088,4288,135296,338048,1470912,1989952,180288,153024,9367488,832,1280,1465088,0,1344,3136,157248,45248,1216,9029440,0
81,7839936,535232,4867072,4288,2944,16064,371840,1992064,50432,23616,7816320,704,1280,366272,0,1344,3264,168768,42048,960,7800256,0
82,7839680,538624,4872896,4288,2880,15872,372928,1991616,40576,13888,7825792,768,1280,367616,0,1344,3008,175552,43072,1024,7809920,0
83,8400256,540800,4865088,4224,95616,340864,375296,1980608,197760,171328,8228928,832,1344,369600,0,1472,3072,171328,43584,1088,7888064,0
84,7839552,536832,4867328,4224,2752,15872,368960,1991808,51776,25536,7814016,704,1280,363392,0,1408,3264,171008,43072,1088,7798144,0
85,7840000,543360,4870784,4288,2880,16256,376512,1992704,33216,6592,7833408,768,1216,371072,0,1280,3392,172672,42944,1088,7817152,0
86,12881792,3140480,4949696,4160,93952,345408,375808,3656320,315968,289088,12592704,832,1344,370048,0,1408,3456,175744,43840,1024,12247296,0
87,5038720,498496,809088,4096,1600,16064,381184,2951168,377024,350656,4688064,832,1216,375744,0,1344,3328,177216,42176,1216,4672000,0
88,10081024,3521088,2448896,4224,1408,16384,380096,3601664,107264,80576,10000448,704,1280,374656,0,1408,3136,184320,41344,1088,9984064,0
89,8959872,734016,3789504,4224,93120,351296,391232,3217920,378560,351872,8608000,832,1280,385600,0,1280,3328,187328,42560,1088,8256704,0
90,8960192,738752,4051008,4224,1536,16512,375616,3241664,530880,504704,8455488,832,1280,370176,0,1472,3072,180288,42688,1152,8438976,0
91,8960384,738688,4059584,4288,1600,353216,382144,3244928,175936,149312,8811072,768,1280,376640,0,1344,3072,180672,42176,1216,8457856,0
92,8960128,740160,4051456,4288,94080,16128,376640,3243584,433792,407168,8552960,640,1280,370944,0,1408,2816,182016,42816,1088,8536832,0
93,8960384,735616,4050880,4224,1600,356928,385088,3253760,172288,146048,8814336,704,1216,379712,0,1344,2944,184256,42496,1024,8457408,0
94,8960064,737600,4048768,4160,93248,16256,377088,3246976,435968,409536,8550528,704,1344,371456,0,1344,3136,182528,42368,1216,8534272,0
95,8960448,737024,4054144,4288,1600,344256,383040,3239168,196928,170752,8789696,896,1344,377536,0,1408,3392,181504,42240,1152,8445440,0
96,8960320,741440,4051072,4288,1600,16192,375936,3245632,524160,498176,8462144,640,1280,370240,0,1408,3200,182464,42176,1088,8445952,0
97,8960512,739328,4051328,4352,92416,352064,383168,3156736,181120,154048,8806464,640,1280,377536,0,1280,3008,181824,41792,1024,8454400,0
98,8399616,740288,4046464,4096,1664,16128,372672,3152640,65664,39488,8360128,768,1344,367232,0,1408,3072,179776,42432,1024,8344000,0
99,8960576,739904,4056320,4288,1664,363648,383680,3156224,254848,228160,8732416,768,1280,378112,0,1280,3136,183552,42816,896,8368768,0
100,8960000,737472,4050752,4224,93760,16064,379712,3149504,528512,501952,8458048,704,1344,373952,0,1472,3136,184960,42048,1024,8441984,0
101,8960512,736576,4048320,4352,1472,370816,379776,3147840,271360,244864,8715648,640,1280,374272,0,1408,3200,179584,41728,1088,8344832,0
102,8399744,747392,4051264,4160,1472,16320,371776,3142720,64640,38720,8361024,704,1344,366016,0,1472,3200,177984,41920,960,8344704,0
103,8960768,738816,4049792,4224,93248,371008,379328,3151360,172992,146240,8814528,640,1280,373696,0,1408,3200,178112,42688,1024,8443520,0
104,8399552,739456,4059456,4352,1536,16128,370176,3141824,66624,40768,8358784,832,1344,364928,0,1280,3136,178304,41984,1024,8342656,0
105,8960576,736704,4056448,4352,1600,377408,377664,3144960,261440,234816,8725760,704,1280,372224,0,1344,3200,179136,41984,1024,8348352,0
106,8959872,742720,4057280,4288,93440,16128,374272,3144320,527424,500992,8458880,704,1280,368704,0,1344,3200,180416,42496,1152,8442752,0
107,9520768,745024,4041728,4288,2816,380096,974336,3145152,227328,200320,9320448,5056,1344,968960,0,1536,3328,616832,65792,1024,8940352,0
108,8959936,736768,4050944,4160,135488,16448,571200,3163008,281920,254912,8705024,4672,1280,565504,0,1664,2944,333056,68352,1152,8688576,0
109,8960384,735424,4055040,4160,2944,384192,386240,3150720,241664,215104,8745280,4928,1344,380736,0,1664,3200,162560,60992,960,8361088,0
110,14002304,6458816,4056960,4096,4032,16576,385088,3022784,53952,27456,13974848,4672,1280,379328,0,1792,3136,169920,60864,1088,13958272,0
111,9520320,1008512,4048448,4160,96128,382336,397888,3022784,560064,533248,8987072,4800,1216,392192,0,1920,3200,163200,61312,1152,8604736,0
112,8960192,1008640,4054528,4224,3456,16704,386368,3034688,451584,425216,8534976,4672,1344,380864,0,1728,3200,158400,59968,1088,8518272,0
113,9520320,1012672,4060800,4160,93568,390144,383360,3033280,542336,516288,9004032,4672,1280,377856,0,1856,3328,159232,60160,1088,8613888,0
114,10081152,1021760,4058048,4160,3904,16448,1597376,3036096,343360,317120,9764032,4992,1280,1591936,0,1728,3264,1365568,62656,1024,9747584,0
115,8960128,1012096,4057344,4288,6656,388992,397696,3043904,49152,22208,8937920,4992,1216,392192,0,1792,3264,155840,60096,1024,8548928,0
116,8960320,1012032,4053888,4224,136896,16192,377792,3043648,315648,289152,8671168,4736,1344,371968,0,1728,3072,158528,60224,960,8654976,0
117,8960640,1011520,4053312,4288,3456,393088,381696,3039488,73792,46976,8913664,4608,1280,376064,0,1728,3136,158720,59008,1280,8520576,0
118,8959872,1019264,4058880,4160,1600,16640,602176,2790336,466816,440064,8519808,6976,1216,596928,0,1664,3136,372992,75968,1152,8503168,0
119,8960128,1011008,4059136,4160,93184,398464,357376,2838080,198720,171968,8788160,6464,1408,351680,0,1920,3200,135744,74816,1280,8389696,0
120,8400064,1010432,4053120,4224,1536,16320,349504,2746304,218624,192640,8207424,6592,1344,343936,0,1984,3200,135424,75456,1088,8191104,0
121,8960064,1012416,4051264,4288,1472,404992,354112,2601024,530496,500864,8459200,6336,1344,348608,0,1920,3392,135936,75008,1024,8054208,0
122,8400256,1012416,4055360,4288,91712,16640,395200,2605312,219328,192512,8207744,6720,1280,389696,0,1728,3008,135040,74560,1088,8191104,0
123,8960192,1011840,4055552,4224,1600,406336,365824,2605824,508992,482496,8477696,6720,1280,360128,0,1920,3200,136512,74880,1088,8071360,0
124,8399936,1012928,4055680,4224,93056,16448,360256,2599616,257728,231232,8168704,6720,1216,354688,0,1792,3264,136064,75072,1152,8152256,0
125,8960576,1011008,4048960,4288,1536,397248,366528,2609664,521344,495232,8465344,6720,1408,360768,0,1792,3264,135872,74240,1024,8068096,0
126,8399872,1004800,4049536,4160,1408,16320,357376,2606400,359872,333632,8066240,6528,1280,351808,0,1856,3136,134592,74112,1088,8049920,0
127,8960576,1008128,4053120,4288,92288,411136,365312,2605120,421184,394112,8566464,6848,1344,359744,0,1728,3200,134336,75328,1152,8155328,3
128,8400064,1013184,4054528,4224,1600,16640,355456,2601728,352704,326336,8073728,6400,1280,350144,0,1792,3200,136896,75136,1024,8057088,0
129,6158976,1016768,4051968,4224,1536,16192,526720,93248,448320,422144,5736832,7552,1280,521280,0,2112,3072,303808,90112,1280,5720640,0
