"Path","Bytes","SHA256"
"animation\battlepack_fox.bin","287904","F6A49219A32583F46C1CCAB32B0B11750D504E9CB38ED39724735C7E563FACEF"
"animation\ftanim_stream_pack.bin","2630496","B6454796326A52708DB0F3F1D99131FACA1106F1A62FDCC8A134FCA7A1397226"
"audio\B1_sounds1_ctl","26468","5431436DBDDE03AE352512BBC409082B59513984446FD79814596FFBB2808FF9"
"audio\B1_sounds1_tbl","1141172","D974CC2FA850C8557CB55E20E1671A64962C9188E2D9814F08DFD7EEA04D4676"
"audio\B1_sounds2_ctl","64484","1FB9DA77CB88D6E06E8BAA92106BC7A409E1F4B34786E385921A1807FCCF2FC4"
"audio\B1_sounds2_tbl","2998820","F4FA5A9E38E838FA2CFD9DEDB54B1574388CEB36D2DB52E0A0574D4D32524290"
"audio\bgm_battle_select_ima.bin","157372","81CB182CFE39E10B6EF67D03E25D918EA4B6869B9C019810A9BCB27EBEBD185B"
"audio\bgm_hammer_ima.bin","31872","58E73DD2C0404163872AC19FFD45DFE786859EAF100B5E1DE3A9A4DD3911E7D0"
"audio\bgm_mode_select_ima.bin","718212","61906D77BC3E2865B6BA390F09BA0B376CC8D228C33F2DE4FA1F49E9BA73FADF"
"audio\bgm_pupupu_ima.bin","711920","3A9963687CD2A6DAD8E0CC07C880B7F02A97076CE17847C4D6BF5869EFC11F7D"
"audio\bgm_results_ima.bin","396588","16D2992B1761D00740F2BDD71684FD294D68FB0A0E82BDAE9DCD38CE8B8F2D67"
"audio\bgm_star_ima.bin","40820","B25A2D126199B510AE42C70B26C983B5ACCB5A77DEA2085586D041B1E7C42F61"
"audio\bgm_win_default_ima.bin","55952","EAFB6B414C9EA9D0302BB6FE659066B6269E9808ED81627052D7BEF29B84DA7C"
"audio\bgm_win_donkey_ima.bin","84908","35F9C377A03A6C3FDA7B065876A0816003C892855A9B4F3C9F9E25B394AB6E72"
"audio\bgm_win_fox_ima.bin","72940","D5AB2A210FF071C9F11E701EB7D53AA9E7BF181748084C5691B86FDB7532C420"
"audio\bgm_win_fzero_ima.bin","63008","537413949FD856B1FB369939F3DA36E76A4B7625724DDC42BFF26F2395CF644D"
"audio\bgm_win_kirby_ima.bin","50188","2772775632D7DEA3B40291F156826E702972DE222FF321D0C3EAD72F2B9321FC"
"audio\bgm_win_mario_ima.bin","81860","CCD64CCF648A600C3CA936FF33177D51537884E43463DF469927EBE3BF893707"
"audio\bgm_win_metroid_ima.bin","71284","D80BD05ED1B7F0C1B14A530808943C5595DAA5F2001912605C18B55E8F243B89"
"audio\bgm_win_mother_ima.bin","85128","BBB132DCEF68AA1D40FE060262BECDC00FBFCA57E014E6402819397A096BB22F"
"audio\bgm_win_pmonsters_ima.bin","81764","6B293AAEFA6337CEB2514661944AD7A45702048930822708280E589CC2A36999"
"audio\bgm_win_yoshi_ima.bin","99648","5BE43BFAC267DF4D9B0A1121056848379A15A791F656EB1D95C6B09E20F29200"
"audio\bgm_win_zelda_ima.bin","74440","6DED2CFED7F6E8B85AA36B10BAAFD0812A7699A656C37CC3C984C822CA30A28B"
"audio\fgm_phase_pack_ima.bin","6968728","52514D45DEA6F27EC74750B83C2CBB8A971EF46DDD2B9CF03B85A4E7C0571CEF"
"audio\fgm_tbl","11796","7E4B9FB1162DEDB91A67C9CEE5CC53D8758EE8AFBBB8E311E67DC8D8820B7B39"
"audio\fgm_ucd","19300","12B043E8DB6572256CC15CE684E9FAE4F56A4D076C2F47BCE930D0DDEEA6AB9C"
"audio\fgm_unk","2148","38B1886E64803371C10F42B075C6A38C707E54578BD3697A5436BBEA97FBA547"
"audio\S1_music_sbk","159316","31DF956069A1FA983C6249A7E0C5351671B317EB7A324CEFD1272165E6E0C58F"
"fighters\admission.bin","261168","CF229B0B1B76B7D51D8C78510A0D05932E6A81202B1C42CF825607418577C34A"
"fighters\captain_high.bin","15916","B4A2BFD6AC05ABF8415379FE707B5E56AB56A3F18940D3686FDC9908B91BC2A0"
"fighters\captain_low.bin","11168","4BD8A3E5F7C1551EE8AF05A6CD6D93B3F3D1D95F9D6DC6085C8A483E92B51C7B"
"fighters\donkey_high.bin","21340","5FE843F17BA96247D87CEA6B17E98BFFBDAAF501C522F434F46A96C3C0DA7BA7"
"fighters\donkey_low.bin","15232","0DCEE38E99E38BE128E1D8479B06AAE063C5593C057D2458AF5157C68E6B3D4B"
"fighters\fox_skeleton1_high.bin","6740","C6D6B3BAD9BC6C22AA7421FD7B913C19E226842240E8EBE3C64C0F86930ECDCD"
"fighters\fox_skeleton1_low.bin","6740","C6D6B3BAD9BC6C22AA7421FD7B913C19E226842240E8EBE3C64C0F86930ECDCD"
"fighters\kirby_hat_03_high.bin","7180","7DCA7DA34DB6A01408C5F5A5F790D863CE8454CE159B07F7D08F900C0FA549AF"
"fighters\kirby_hat_03_low.bin","5516","278DE12BFA58E557EC4150DBD0C46910663FCD8A8C61DB17F29E82FD0A38FD75"
"fighters\kirby_hat_04_high.bin","7828","9F7551B7D8CDC4D5FB720E6AFC1CC7B6653AE7D0228E3C4BB51E67E481B8B1E9"
"fighters\kirby_hat_04_low.bin","6076","77084D3F98DF4FCCD42CDAFE1F9D245824AEB5E5108A5965E8D79C30D5BCA8C4"
"fighters\kirby_hat_05_high.bin","8084","5F4BD5A4B1E639F0EA6AA972B0AB38B27FBFA72A737A9AE4644191DCD2F46DB0"
"fighters\kirby_hat_05_low.bin","6204","347BDA935055DA436A503BE9DFE8EB2A33238A3BCAC42AA672DC46ADB6E51D25"
"fighters\kirby_hat_06_high.bin","8116","3840269D2A36EB95A462980503773EE8943711B05739E553163D543D7A1ECE3C"
"fighters\kirby_hat_06_low.bin","6596","4A747202C3B4FE30D6E652ACA386940B3BE30F6BD28240920D696102B5DB2D88"
"fighters\kirby_hat_07_high.bin","7440","1BD56369D055CE769254B2C3D342443B704EBFCFC354A628F47CF9997BF4CED3"
"fighters\kirby_hat_07_low.bin","5912","26E8A9DECA1FE8F42926B3D6D63446C01F7C7D777173232625931604B8442C51"
"fighters\kirby_hat_08_high.bin","8552","D769A370A68FD66D6AE4D7A258380F3B5282A3C157BED158C0CD2661F9D152C4"
"fighters\kirby_hat_08_low.bin","7636","8E4B75E7E706D432FBCCCADB6E44C20CD63293EBD006EBC66BB388D4F6C92574"
"fighters\kirby_hat_09_high.bin","8360","4EA8314957B815EE20AF8C8E751C1D8E874192FD83E6442B444A2F208C57C59B"
"fighters\kirby_hat_09_low.bin","7040","87D5202748A9D46FAFB1191DE840F485382C16ACFBE8B7BDA1D82DCF34499E0B"
"fighters\kirby_hat_10_high.bin","3980","1227B8214A2A2C600E7B25A3CAF9FD20087A9071C11DBD1B185D52C90571A4A0"
"fighters\kirby_hat_10_low.bin","3548","ACA60440D412242AD52530D0D562A8D72AED159DD3944309CD7AAD5D14BBC5BD"
"fighters\kirby_hat_11_high.bin","6540","7BAD3F8287E753377631A0D56DC9CCEEA796053F2B3A4CE232E1687887333F38"
"fighters\kirby_hat_11_low.bin","5624","8F7AA32906DD2FB6C5781FB78746688B624FAC490EB34D274D6D9AADA03EA915"
"fighters\kirby_hat_12_high.bin","6564","6A726CCE44BB365FFC8BD87FE9D3962CBC13BE69B2D922A0598E5E7C073F0D7B"
"fighters\kirby_hat_12_low.bin","5648","F4689EF7342FEB574C1D8F2DA4E5D0A96323D1463CBBB6AE3250D8048FA280FB"
"fighters\kirby_hat_13_high.bin","6356","E5CC54070830F7221C3B8B2C19006A5F73C0CE1ED7E610D2C38039EF947D858E"
"fighters\kirby_hat_13_low.bin","5444","9F7B1E68D464C0FBE2A39A910DF1C9EA1DA25D22004F3649833E61C96273BBE5"
"fighters\kirby_high.bin","30160","D8013C52D5BB966C719E1CFE650E830E6C517BCAA4C5413C52EA789860186F4A"
"fighters\kirby_low.bin","24268","6399BECE64B41C413ACEF1E6712DF8072782BC27EB4AF1860E039F2B7C84E495"
"fighters\link_high.bin","19744","46B6592326EB511A31D8D64C2E5617832C9D57FC661AA6407106C46A911BCEF2"
"fighters\link_low.bin","15892","3AEE3B7580257EE325B77369F1AE9F2603CEF7B428619A238C60D8B461B4B6F1"
"fighters\luigi_high.bin","12992","D95EDDCBA41B443E77B524AF701F46E1C028AC7F9AFBDD0B959C05CDFFB7D420"
"fighters\luigi_low.bin","9164","8EB95A04F023DF1BC67A3C29427B4F2C69AB9BE924EFFBB54BA73CF6CC5543DB"
"fighters\mario_skeleton1_high.bin","7436","E33EE7FBA74B52BAF3CD842CE7D06B8C5DFB8941DB51C5AD56AB8FDFF0C4D147"
"fighters\mario_skeleton1_low.bin","7436","E33EE7FBA74B52BAF3CD842CE7D06B8C5DFB8941DB51C5AD56AB8FDFF0C4D147"
"fighters\samus_high.bin","19316","DC02039DF6BC5382AD9C148CFD5CC8C56545E086CB45AF1D3EC346F204F7F70A"
"fighters\samus_low.bin","14544","C3F1969A687264BE00EB2CAB6AE4689AD5B7AD7F059673623640122A18273050"
"fighters\battle\00.ext","320","1C71E386D387EA69BF516A06DE0B7E27E69945A9FBDB7C04E3289649EE229C2B"
"fighters\battle\00.fpc","16392","983E63FDF1705273587E59E7CF0E1A5CA1B58A0B4CC0AE83F0866A1EFCAE3FCB"
"fighters\battle\01.ext","284","B423CD97D6A920167D308FB79F320F7A365FDA8E1C5B372F083C662A03168E7C"
"fighters\battle\01.fpc","16520","884B36E1C34C1FF78F641A2EC3C2C24113ECE79C48DE28001F50C9732D5955BD"
"fighters\battle\02.ext","36","78CBF249D311FC684B0FFC50E8BF1D9B15BC8947C6D43A2A1297C3A6E70EC4B7"
"fighters\battle\02.fpc","32468","A4108443DE2677A5471D011789B9B4C7A81C375ED1705CEF60669151B14C2738"
"fighters\battle\03.ext","42","CDC6796A8F96EFFC45EA007E36221831BE714B132C75718ACA1C18657E710C6E"
"fighters\battle\03.fpc","35472","0D74884C8A3DA21C57A87E3DE48A308F00BB286B369EB8994166C2E56920CA00"
"fighters\battle\04.ext","96","4804A90798112BE2157985B86B2FFDD1297F98650003B30420EFE32D4336B413"
"fighters\battle\04.fpc","19240","A04CED74AF3EFA73221249CBC74D69C78BD8346C99D8FC6C007AE94F10C44078"
"fighters\battle\05.ext","66","73F1F5A5C6D3D20ACE6EEAC5471BB9E9DF1448DE0B9B41E8A9A75AC65589A733"
"fighters\battle\05.fpc","36032","2D463E901842E4F23E9F28EB54B152CDB6724E3F5FDA9F9E12E9BC57FCF095CC"
"fighters\battle\06.ext","102","EF2AF80FCEAF0727DA594A7C078755319DB3CF2EA52C8A49983038997D3C010C"
"fighters\battle\06.fpc","25476","6B560FBBC919E6FDEEF0718B3202FFB1771281F29AA4C607AED08316A9E8DE99"
"fighters\battle\07.ext","42","5A38F28DF9AA470F83FABBEE1040348F84E8D5610FF8D7F4F0608EF17B8ADEFC"
"fighters\battle\07.fpc","33380","89B98F75B06A2E86C862E106DF1AFD7BB5F60E4EEE86CAD7497E0A26282B58B0"
"fighters\battle\08.ext","388","5AB4E2858A63206E8687DABAD5F8DCEB8DE492FF62361422708BE7A1771A0091"
"fighters\battle\08.fpc","41384","A434E5F33ECC6E7E49C6A5FEBEAF81C971E1B73D4266BE40413C57E4716A00E4"
"fighters\battle\09.ext","42","081784E5632EF8794D7BD5B20729B2BA9340F6EC8CD0486D2C0DB52882054BC1"
"fighters\battle\09.fpc","28320","8F2C11ED316DB1A29468B6AE82DF4576128BA6B64973345E0A1D9D9881373D76"
"fighters\battle\10.ext","36","0CB13EC406FE7EC52A8910D456544F32E10AF0BF73E6EB46AE8049BE8D609A66"
"fighters\battle\10.fpc","17768","867F4DFA2E043F6EF1C97483FF2FEC2FD38EE4F6918156C1448DF7B9F4AF9782"
"fighters\battle\11.ext","42","840ECBFE285BF5CF08AAF5E562FE8325FA75EBB815EFE4E4E638C0B8CCA2E67B"
"fighters\battle\11.fpc","26876","52CEF24EC65670C96924F5464F831ADF130F028672C5A02E60332D5A85071C22"
"fighters\shield_pose\01.bin","3011","0D7084B80E0F1B609C68CAC1A03370551534836A89DE17CF83EE23658B4CF2D9"
"fighters\shield_pose\02.bin","2760","56DC90EF7042B2C107B53A96A377687DBF90ED5C3F7C89EE2C7C0E6FF18CCE79"
"fighters\shield_pose\03.bin","2856","2A557D8A2CFC44A35A1281B12703BBB44957CBFF9D610B647AC7D9094848D465"
"fighters\shield_pose\05.bin","3042","B560AE3B741BED27E99DEBB976D468C8B03D803523AA63E55B97510694CC2D93"
"fighters\shield_pose\07.bin","3334","5B0D7FDC44C2CA5ABB21BF84E0FD0FDECEA9D7D3CB28761DD17A0F8E30365443"
"fighters\shield_pose\08.bin","3141","C0E270FF7DB5A11080CCE78535302839CF09EB4B6A37289BEA637F20D676A6F3"
"reloc\reloc_menus\MN1P","25632","B8AB570CCD7AFA062FCDA0ACAC3FE5DDCB8A1A948C42636DFE5BCD7BE8E17BA3"
"reloc\reloc_menus\MN1PContinue","140688","63523AD2B8912C15457F9DCF8E5E7C0017601C80E567AE9DA0BBF6F92C676072"
"reloc\reloc_menus\MNBackupClear","31568","2A728A42680F32488AF4263A16FDADC5C4445468E1C14B0750972F41AE8A6AE6"
"reloc\reloc_menus\MNBackupClearHeaderOption","3040","4556983383109F4D1D7B513662F14518A956DDC6C1C227C95D4BA9E0B7FCB6B2"
"reloc\reloc_menus\MNCharacters","198944","5B6E7B4B47F059D2A55AEC0E947DC42028681446383C6C6C80E00231AB1204F7"
"reloc\reloc_menus\MNCommon","98464","D1A642CB81383E88768B763FC6E7BEF624C45C553FC20A1C0DC78FAFF351A72A"
"reloc\reloc_menus\MNCommonFonts","4208","FA0C748149B72C0569637C7908E95F0D12EF6EA5DA780F7EFFAD03D26943336C"
"reloc\reloc_menus\MNCongraCaptainBottom","133040","D6B89B77C97DC7317F0195B5A4CEF9ED2EFD1054196019D693996CD70081649B"
"reloc\reloc_menus\MNCongraCaptainTop","133040","4B6F406FC209C6EFE4FDCAA869EE3435FD4C5A675EF9489B6CAF0A733C445BA2"
"reloc\reloc_menus\MNCongraDonkeyBottom","133040","04007C15903ED453C436E572B0E3C6DC9CE67F55F9793EE6184D8F70C6559F9B"
"reloc\reloc_menus\MNCongraDonkeyTop","133040","1B76BBDCBB10E6674A75C5965BA71C02628963DAAEA066773AA8C31153D5FDF1"
"reloc\reloc_menus\MNCongraFoxBottom","133040","CE988ED14286D66F4891181A4028C6781696021902469598F4DF65CC935C182D"
"reloc\reloc_menus\MNCongraFoxTop","133040","E47D633549C4F5898DBC33D8A5FC2318F9DABB6465A319DCABE0A665F18E8BE8"
"reloc\reloc_menus\MNCongraKirbyBottom","133040","C4B28142AB71C317046B2E00E9C334C27A1E640D2C3F9FF2AA61029E6FCC3AAB"
"reloc\reloc_menus\MNCongraKirbyTop","133040","8A7192D4173A4A6FAB7855A0859A06ADF7DFAEF1198CBC3594E137F9781E22FF"
"reloc\reloc_menus\MNCongraLinkBottom","133040","7CEE742A3C812756B80B5714D8E5D95D5895958B2026E0DE4BDFB5BAE9CF3455"
"reloc\reloc_menus\MNCongraLinkTop","133040","6633B8A7AEC5F3AD8AC8DEF1AA8A7FA9D4604179C72E0F00BA44171F3C814EAB"
"reloc\reloc_menus\MNCongraLuigiBottom","133040","FEF859F1F88070275F2164633563758E3E9D2A2875C47FBE4B6D5942F9D3FBA8"
"reloc\reloc_menus\MNCongraLuigiTop","133040","61EC5A3943E24D00ED2C1060B011B44443B20AEF6DED32DA275B15D896F845E9"
"reloc\reloc_menus\MNCongraMarioBottom","133040","434475ABC9A21D92A2955E026C51A783F53B752BD66147671DEB7EC14F556886"
"reloc\reloc_menus\MNCongraMarioTop","133040","3BA397DDBAF601C6DB10DD0032ED3ABCB020A6AD64AFA6D27D883C602E909BDA"
"reloc\reloc_menus\MNCongraNessBottom","133040","1C2D00D95849291BA3D8A1A659133B44A9ADD86C32627CDDDBF1A4DBDF3228E2"
"reloc\reloc_menus\MNCongraNessTop","133040","71CEEB187444E3C86ECA88A5A6449EE2B13DFA59BF94078A210922C137838D18"
"reloc\reloc_menus\MNCongraPikachuBottom","133040","461FC544F4FA494FAA0661B313C62F9D727477705B29DBA4C7F1042291D5FFEB"
"reloc\reloc_menus\MNCongraPikachuTop","133040","22F61D3D803C020EC07B012A4A2BB8F93D5B1D7641796DF373FB2B0895F20B05"
"reloc\reloc_menus\MNCongraPurinBottom","133040","3A3CED8B3C83ED98A0DD567650A61F4085FA3FFA43E9D55F1B4D12E67B9122DC"
"reloc\reloc_menus\MNCongraPurinTop","133040","6B0E483241773AE61B9472477F57348299B2A510EC4C9604764899077BE69CDD"
"reloc\reloc_menus\MNCongraSamusBottom","133040","F61EED790075D42B5C133602D404F9EF956C6C16559B80C2B951F89EEA447A13"
"reloc\reloc_menus\MNCongraSamusTop","133040","9CA6952DC3D5E7036401AE17C812F1AD93EFBD4CFFB55DC2EFAB5F86B34409AC"
"reloc\reloc_menus\MNCongraYoshiBottom","133040","70C190BF4E508CC46CC765E825F26A8EDCCE2519393E71BC15BA0BCCBD127EC2"
"reloc\reloc_menus\MNCongraYoshiTop","133040","3756C289573D7E5A4D46D2B3A96AA826DDD0AA6077EB015A309AB89C126392A1"
"reloc\reloc_menus\MNData","19216","C3DD030AED69AC5B725D68EB29C983AB3205801E0AA5A7BE97B88811AF4AC56D"
"reloc\reloc_menus\MNDataCommon","3360","40AF0EF681BF8D7EEAC226B22D7410069D02113BD7E633E827A8D662C6586727"
"reloc\reloc_menus\MNMaps","57040","1EA67E4F8E94A8784F54B209734FF32676198AC5A9980AE4E49E2D3E38122D98"
"reloc\reloc_menus\MNMessage","21408","95CEDEDE0CBB03E50081B0F40E91406FC34CA6A31044069A9D4343411291D2ED"
"reloc\reloc_menus\MNOption","47600","91FD4CAA6306C43E601BD52E8980436F95AF3775B5D47A9A201390A5BA685599"
"reloc\reloc_menus\MNPlayers1PMode","13120","65330A2D22367760043C242E5A1047769193FAFDBDC64848091FE54A75A47E73"
"reloc\reloc_menus\MNPlayersCommon","71264","6BA74AE62E16B31354E2E2FA59950D519F574AEFD44E44C86D311CEA22ACA051"
"reloc\reloc_menus\MNPlayersDifficulty","1584","5D6352CE3D2007FA22D7B3AEAE10584960E1D62A418A4E3C31CA7341D64AECE3"
"reloc\reloc_menus\MNPlayersGameModes","4336","47CB26319D8E7B6A337C4A29D9E6EEF735990C6CB456623A3C49EC094AECF821"
"reloc\reloc_menus\MNPlayersPortraits","150128","5D913FD9CAFD7580B24F1DAC3F960F9DECCEB14A56EC0A23177160BFADE4A8B7"
"reloc\reloc_menus\MNPlayersSpotlight","1600","AB5E6C3C06333B6E01DB0C2117B4F24D24F14221AC2602FD9CCC38E73FE5A645"
"reloc\reloc_menus\MNScreenAdjust","39232","7C8DE146FB0C53B38E02C1F2987A2DD3068C9B3E27602C0F31FEB5FA74B60CDC"
"reloc\reloc_menus\MNSelectCommon","1248","E253B00B7409647C4F4D0EDAB22DDC32A618E32FF6AE96C740707C8F3AF1BDB5"
"reloc\reloc_menus\MNSoundTest","7664","4FB72ECC6D4EA8DF9C18F77384780F3A8999120C93D70978228A953B6FD1330B"
"reloc\reloc_menus\MNTitle","168176","90EC147FF31D13BE1BAB5E9068D337C605430CDA8486D4F3535D75F62449C04D"
"reloc\reloc_menus\MNTitleFireAnim","125840","6BEA41F96C5D8A68C6C461B4983B02CB6E3F844228B2CFC7D69B55FB1A2A8872"
"reloc\reloc_menus\MNVSMode","25008","DAF6161F6604DD23B1E04F83BB0EEE75548C0AA28F457DC51EF97379B4E3C81D"
"reloc\reloc_menus\MNVSRecordMain","21856","0B1206BE6431352BE0026E91A03FD6C3CC4FFBAC81C01CCBB7C7EBF05A023654"
"reloc\reloc_menus\MNVSResults","58176","EFB1C73DA0DF9DA917762A4E7388A8627EF1765A4BF5B8A45374C28D6A874C69"
"reloc\reloc_movies\MVCommon","149360","F5ED65EBF90E7A933C683D9187D3CBEB1E43F8DF88756A9646988A43B7186C0E"
"reloc\reloc_movies\MVEnding","1344","719705B0BFAD0BDEDBC7F937600EB958A949387936DD540BA24A2216B79CBC88"
"reloc\reloc_movies\MVOpeningCommon","464","633452855631B956A5AAA593C3891889D039E0900EA8D190FD81D7FA7FA9DAA9"
"reloc\reloc_movies\MVOpeningPortraitsSet1","177008","39BE69497CB2FC17C09FB87E5E7001F98ABC81D580B5466C2737B570AE2A7F46"
"reloc\reloc_movies\MVOpeningPortraitsSet2","157456","8DFE6C4612D97D4AB87588FAF51562A555B99F2D9D359196278C162EE8C63DCB"
"reloc\reloc_movies\MVOpeningRoomScene1","1088","BCC4712D6B8269CF856B9D68F90377D702A6AB81449C543484375C7127B374D8"
"reloc\reloc_movies\MVOpeningRoomScene2","160","BDD804B0FC9FAC9041B894DD3D2DB26E8C1FEF64E240BBB7FD067650E7064705"
"reloc\reloc_movies\MVOpeningRoomScene3","192","4862356E6A47D2CE0621AA6EB4B638E532C6957D83224549BA65000BF290F898"
"reloc\reloc_movies\MVOpeningRoomScene4","304","636F7B352CBDECB7B5DFF2122FCC3FA09307F57C3623CDB8374EDEAC6123AF57"
"reloc\reloc_movies\MVOpeningRoomWallpaper","159008","4B909527E1C4ACDDFC7BA45DDCE57239427773B9DEE607A10BB261DE1C1E5841"
"reloc\reloc_movies\MVOpeningRun","22848","E2916DC0CAEE7210566A3783E9D05A08303EFDC6382290DA2CB3EBE27747CF3C"
"reloc\reloc_movies\MVOpeningRunCrash","15104","2506125F8D6678DD70E2D53D75E62CCD1E9E9752836CF3ADAFAF36F2EC720BF3"
"reloc\reloc_movies\MVOpeningSector","249136","6ED5B8119373581661FAE7A6FFD3521B58F63D3656923163DEB2BF1582BFA6D7"
"reloc\reloc_movies\MVOpeningYamabuki","257776","5E9E72390E931862F0CED9BD2520C02F2C1417185E0516B546F2A62ABCD88813"
"reloc\reloc_scene\SC1PChallenger","3664","AD43BA0A2BEB5F9532B52043D91C2A33CAA9AA64BF3EAD0F4025AF9E018E7AF0"
"reloc\reloc_scene\SC1PIntro","85136","85192B1D916EC9B4BFDC55D4CF3769A86EFF6229F3574507D9A15D41D897636A"
"reloc\reloc_scene\SC1PStageClear1","84000","218DC9BEE831EF28AA48BB415561DC68E9C8500FE6B921FA803F99D507CBAD6A"
"reloc\reloc_scene\SC1PStageClear2","1184","6E935A00C29C9A0819EA739C03F0DA56DA6A66C2FD1023CC5FE98260037BE6C4"
"reloc\reloc_scene\SC1PStageClear3","624","B02777E9987A81ADD96FB1DD1A6DDCCC1DF8CF79617168C12F6C8E61C7922511"
"reloc\reloc_scene\SC1PTrainingMode","988","EF3A3CE0BD7879D23DEE36698788A82986FC8FCE1D0E4A22B263CC307DFE8D19"
"reloc\reloc_scene\SCExplainGraphics","123056","CF1D912A5414C7DF2A149B0B5E6E967ACBCF426DC000DEDA0D4D754C60488F44"
"reloc\reloc_scene\SCExplainMain","6220","787112CAAF03B3A7E0E041DD02F7D380C0AF301A6CC708E4EA37D6034D6305CD"
"reloc\reloc_scene\SCStaffroll","31136","4A29EEA9A04A78546FCAE5C8C2FC33BD83ED206134673D3E134BC5F576FB2D2B"
"reloc\reloc_stages\GRHyruleMap","314","069823CFC096B3879F6546BDABF15A810790CED5C9B918628C8723A8FFBF0FBE"
"reloc\reloc_stages\GRInishieMap","476","36D0EA77B152B0D685382AEA47744F989089141BE1331409920BBBA93E95D16B"
"reloc\reloc_stages\GRPupupuMap","290","7DF485462836872C0E00685876A4AA724977F480CCCF861D0D41D0A19B2E224E"
"reloc\reloc_stages\GRWallpaperTrainingBlack","133040","633C20248E31A652AE68BFB3FC9387B810A2D8B45E9371F99B4A8DA411523519"
"reloc\reloc_stages\GRWallpaperTrainingBlue","133040","B6DD9EB3196D40372D817ACCA2FE2B4BED0C695E6F6A78A04811D5DE83FF5D75"
"reloc\reloc_stages\GRWallpaperTrainingYellow","133040","2D620F45554DD84F768ED0EBCEA756938A0FABFE79EDC2AF120B5060A71703FD"
"reloc\reloc_stages\StageCastle","159008","B2EFBEB453E0B9E33505C1203693A346F99273CF3E9B7F0441306468BA2F9606"
"reloc\reloc_stages\StageDreamLand","159008","C11CE0DCAC1EF546094875591A7E9A081B05757B86442981965AA8B51CBFF11C"
"reloc\reloc_submotions\FTCaptainSubMotionAppearAlt1","6784","D16920A603702526D437BD0749ECA7010EB9703C89B271D4FD9E613560D949C0"
"reloc\reloc_submotions\FTCaptainSubMotionAppearAlt2","1840","3E4505A4E7688E253BAEF37CC3D0F77D448974306D0EB32ADFFB89353ABC4845"
"reloc\reloc_submotions\FTCaptainSubMotionAppearL","7168","D19E58965B8D5B5496C3BC4E9913074B24752D354B66E6A482421E95409B4743"
"reloc\reloc_submotions\FTDonkeySubMotionAppearAlt1","6992","8B4BD0535BAD9E28A3929C614CA747AB66C5F68CE1F584E8998C5A6F9E882954"
"reloc\reloc_submotions\FTDonkeySubMotionAppearL","8064","14592D4A54520C65D3BEBB40469C3D2C61F689E00438746F435BA7FF75C526C7"
"reloc\reloc_submotions\FTDonkeySubMotionTaunt","1808","6F4C53A56D0D4579A2A242B792E5E445E460B982CA3F0EC4517459F5410401FF"
"reloc\reloc_submotions\FTFoxSubMotionAppearL","6176","D707ADBB290A6F8F1D7B664A6822824D8CB989152EDBA5DDBEDC8D7DB1384A70"
"reloc\reloc_submotions\FTFoxSubMotionAppearR","6048","B4C6D2A5E33AD31E3595F1C6349D080B3B3A22621033FB01E7F31B8DA5DA2AE3"
"reloc\reloc_submotions\FTFoxSubMotionTaunt","2752","5FAB94176332FDC05BABF37D86965A2D4C33E365973211FF281E70EC9CFEA379"
"reloc\reloc_submotions\FTKirbySubMotionAppearAlt2","8624","85E5B865EEC234B4209A9BC1C84626E2D1011DC09FD4A4FC16EE834ABFCC6B33"
"reloc\reloc_submotions\FTKirbySubMotionAppearL","10960","16F4B01B0BE09CB6B21961C415FA0DAD31650FBDABC43FCEBFBBC6416ECA21E1"
"reloc\reloc_submotions\FTKirbySubMotionAppearR","8928","B86A4E62DB05EB4B81D596F16431362C1C9C30666D33E297F9EF79FA6A328CEF"
"reloc\reloc_submotions\FTLinkSubMotionAppearAlt1","5280","2AF70CF8DDE71A36E9F100183F3E7F4D2EC33528A46F8A4E8ABCFC6D37FB4D97"
"reloc\reloc_submotions\FTLinkSubMotionAppearAlt2","2848","1EBB152B6E04EBA9E27B2DA616846455EA2BA3BB414080807DAC356F869F1C5D"
"reloc\reloc_submotions\FTLinkSubMotionAppearL","5776","235ACC9B5722B362C5ACE5C61CFF4FD944E83DA15F95FDF6802F30513FFD3583"
"reloc\reloc_submotions\FTLuigiSubMotionAppearAlt1","2880","F5222506D62838B254D7A004CCAC2739A1575AA2C65DEC18EC4B4E5CE6270298"
"reloc\reloc_submotions\FTLuigiSubMotionAppearL","5520","7EA9D5175AE69DA23CC55FD812237A588A4AC16A463F96BEE6F10D17623FD34A"
"reloc\reloc_submotions\FTMarioSubMotionAppearL","7888","047FBDEBCA920CA9CEF24ED7713BE9228E14745F8DD749AA2F8E9A8104747437"
"reloc\reloc_submotions\FTMarioSubMotionAppearR","4928","B718984720A408FDB4EDED012C0CC5492EFCF3CAA37C1DC9D3CDC4B7C8CCC16F"
"reloc\reloc_submotions\FTMarioSubMotionTaunt","3632","3DE9419C866A7C5FCE76FD07FD2DE872CA893FC6B491CA488ED81F065EE67C8F"
"reloc\reloc_submotions\FTSamusSubMotionAppearAlt2","1984","96F25DD96B891228BDEDCC8F797E6441E622E7564643113E6101263F906D14F8"
"reloc\reloc_submotions\FTSamusSubMotionAppearL","3424","1BC0D06F5F6D54988DBDA2A6981115AB78B775EE6518AC7204646E5989B7DA43"
"reloc\reloc_submotions\FTSamusSubMotionAppearR","5264","40F358E74BABD76A4888EA28983670266DC40E85B63A8563695CD3961A120D19"
"reloc\reloc_transitions\LBTransitionAeroplane","47680","1A250B6B0A1C69618C474962BD70F8260D7A92514B7C70E2DC848593B2DF9EC4"
"reloc\reloc_transitions\LBTransitionBlock","24624","B7EEC71319E72B27DFA162D0279EE17BB93FEF659F0B3ECA151C7F669BCBBB24"
"reloc\reloc_transitions\LBTransitionCamera","17120","D566560A4B788666A6AAC585E78F3DF9EB9EBB06A7F5B777BB7604DF2B4102DD"
"reloc\reloc_transitions\LBTransitionCheck","16944","916645507F0FBBF48E06CB9EE1970CA0525B0326DFC710BB16CB3447D8BED306"
"reloc\reloc_transitions\LBTransitionCurtain","32448","2F3A4718D99AA64EC029378B700749B2973E46848C84C68EF1C72A582C770C56"
"reloc\reloc_transitions\LBTransitionGakubuthi","4400","F6ADFB8942E095CCA5C0C47807AD98189916BD3C2283D39920418FD209D792B3"
"reloc\reloc_transitions\LBTransitionKannon","8288","2CABEEFAD8177C54358C926FB95C4E26A0051CF5861FD69122F38A55CBAA48FF"
"reloc\reloc_transitions\LBTransitionRotScale","4288","1D3239D8FD90FFB5719ADA24A4633FBC084F5026FE280BB53506489B8D269329"
"reloc\reloc_transitions\LBTransitionStar","9584","D0527A40AAFA72B3773575321570BC0F92564C2E905A863359DF64F6FC81F9E0"
"reloc\reloc_transitions\LBTransitionSudare1","30848","1FBB18430742DF049C714C16EE4AE43474458A8FBCBD13C7EE1661DAC2C3C5C1"
"reloc\reloc_transitions\LBTransitionSudare2","16384","691470C0C285E03C20CA09FDB5A8C6EC59420DDDA60A9184D774294F6341A870"
"reloc\reloc_transitions\MVOpeningRoomTransition","4672","B71FD0A5D7850636332949AB6338AF9A6D451DF87F4708A022E81616A9CBCD17"
"reloc\reloc_animations\FTCaptainAnim136","7648","8B437F5E30E4B4A3CF376F66CBCC673D49AAC62C73ADFE22DD4B6439B883059B"
"reloc\reloc_animations\FTCaptainAnim137","7072","4313760FA9973E227B9C2114824CF862DDBF66B0DF52D3539FBA1996463335BD"
"reloc\reloc_animations\FTCaptainAnim138","2896","0A8CF622056A8FB26E188C519CE3AC0D2A0A20BFD618B58A03A80BCB193616BD"
"reloc\reloc_animations\FTCaptainAnim139","2528","29BD381D9D5EAB68CEE7B9FE6B0C3550C78786C0FBF0262ECC9C21DC59E8F261"
"reloc\reloc_animations\FTDonkeyAnim132","3472","8C94333406F9A42F93E06E354A6FD822FEB4BA60CA2808DC7BF346384F3FAF65"
"reloc\reloc_animations\FTDonkeyAnim133","3488","D89D77AC6A711D372A90AC60D4C8483837C640C66CE1427BD7C32332722C7AE8"
"reloc\reloc_animations\FTFoxAnim135","4400","26660456EFBB5391F55652DB5F8246A16A831A5D29A14027A56681C341B4E8E9"
"reloc\reloc_animations\FTFoxAnim136","4400","C4E678517CD950FFAC646DF07FE7FA17C4E2AFD4AA7581FCA7C680D153F2A4E0"
"reloc\reloc_animations\FTKirbyAnim153","3008","207EAFB2156AB7C27BF8B643B68CE009A87DB232355E05F34E83DB395BCFF276"
"reloc\reloc_animations\FTKirbyAnim154","3072","287F0E9705C4BE484042E3F0B19BD961FDF5A1D23F7F191BE3E569431AE65C9D"
"reloc\reloc_animations\FTLinkAnim131","7408","7EE5AAF0D86E8FFEBD0614A8FA74306264F3C481D0BE9BCA3B7AED7CC379023F"
"reloc\reloc_animations\FTLinkAnim132","6608","AE824E5F4CD4411FC48E95F66F77C001496F3C12FCE397DC6C81879231F8B6C4"
"reloc\reloc_animations\FTMarioAnim134","4816","E92557549004015C0F29DFF132546BAAC847388BB083F90A2C9CB976A9731822"
"reloc\reloc_animations\FTMarioAnim135","4496","2A8E89A0FBD6AD4E48B5B61FDF9996D5DFB3C3CB1BD102D4E1C98073690D59F7"
"reloc\reloc_animations\FTSamusAnim060","2704","68197D878DC7106E0797519BFD5530D5C8C2A06A32E661E9D2C228C1A1FCB705"
"reloc\reloc_animations\FTSamusAnim061","2912","E59A2345E4259630FEB23E3D861D9619C077A83348DF1D1D0486705F0416A3BB"
"reloc\reloc_animations\FTSamusAnim137","5456","1C880D59DC20B9EE0C48D67819A5095689505A4AF6103F24CD030D33312AEA60"
"reloc\reloc_animations\FTSamusAnim138","6000","6F8AE3F92F2C6CB20A00D1123F4B6DF3ACC624C9276E05F003603C5F605CFDFA"
"reloc\reloc_bonus\Bonus2Common","25472","FD673C99070C36BDE367A5423966D532655225C1D8AF80E0E95E9BB6C1478E33"
"reloc\reloc_bonus\BonusPicture","108272","071E4DC30899C4EEFD1146726E9C1F0C5F17592F748C4CC48FC25523EDBE1BA0"
"reloc\reloc_bonus\BonusPicturePlatform","160800","FEEFD726D659257E3CE4C8CE8A9F6B27BBF05313F5D66B36E3DFA35F15B2D25B"
"reloc\reloc_effects\EFCommonEffects1","52816","9B15042901498B224302AB4271E341A041101B6753EC958F1305DD4E616C8931"
"reloc\reloc_effects\EFCommonEffects2","28432","BCDCB4C90323F5DDBFC1E24813382F4C7CB974437328BB5B2225CA4B3089A88A"
"reloc\reloc_effects\EFCommonEffects3","13696","F0310BC543527D5099F52B513F8A0F4C72A5A5EA3D124A00A487309DE63242D1"
"reloc\reloc_extern_data\ExternDataBank103","12304","A61E74AECE06C5F15FA7CD1D6633AFD9CC3750C9163CAEFFE59CAB2D157A222A"
"reloc\reloc_extern_data\ExternDataBank104","17586","3CE7E51DA3810DCA927521717357A2C44B1C51760BC942B0D4E5BFEBE6FD4D52"
"reloc\reloc_extern_data\ExternDataBank109","47200","7670E2E1CD8BD02C895C18E028E57455323A81EE58567312F7F947BE38C2F9B7"
"reloc\reloc_extern_data\ExternDataBank113","26848","976A6C1D0FA7C0F766437E8729B37A25EFFDA1B8B6EBDCAF4B9B4B37CF41CBAA"
"reloc\reloc_extern_data\MiscData086","79664","96E987D81B24497AD0C314372EDB79F123016B59187B5F94B57B73E4BB122C04"
"reloc\reloc_extern_data\MiscData201","2176","3E9F7A28588C20489F3BF5AB385D492D7A411D313D73E2DB9C0B18C08D496CF7"
"reloc\reloc_extern_data\MiscData299","272","B078F052F85F16E2EAF2F9A748B8478B2FC1ABB3ED6F9E75036A1E142CE3282E"
"reloc\reloc_extern_data\MiscData315","1392","2BB01CDD7C846C63B0946CAE9B83C2A0D4DDD532F42921FE6EAECE5C61B72CC7"
"reloc\reloc_extern_data\MiscData326","544","1BA848D69DCDC21FEC1B1A00CB5235D7FF40A686FF35DD14ED50A011D5E90BA9"
"reloc\reloc_extern_data\MiscDataBank152","14160","4A3557FC41FBB06EAD175EA25B2DFAC5373896CB473800638C7B2924B2F26B1A"
"reloc\reloc_fighters_common\FTEmblemModels","23344","6CEAFA717119B6126869BF29252FB7598FB00224CC6EF29F5C386A9A6B6C05FF"
"reloc\reloc_fighters_common\FTEmblemSprites","16400","B5A0902A6206D6E1CF20CD06B5B49CA7DD8FA6AFF23C65DA5691D5D3F1CA090A"
"reloc\reloc_fighters_common\FTManagerCommon","992","B849BC19EB5C1A347DF276792302C43CEAE7A84E279104803D69CBA90B96D266"
"reloc\reloc_fighters_common\FTStocksZako","288","100B0D6E6C8B76200E88EFE4703B0C3FBEBE97865313D1A79CAFD3D84995A5CF"
"reloc\reloc_fighters_main\BossMain","1164","7408A22E0EC0DEC8DE9ECF8BAFF335209DC0999FD30A2579FF9DDA6941A3B46D"
"reloc\reloc_fighters_main\BossMainMotion","2564","913F885D47F580B36E99E75B05FB920CE0A510CF2B649D1F7A9B28EB46F7D87A"
"reloc\reloc_fighters_main\BossModel","11664","922B090FFF108BF91FC3951883F84A54D05DB89A5E8FA80D1870D08F4F42232A"
"reloc\reloc_fighters_main\CaptainMain","2234","6472CB1F5DCF400DF996848CE76702AA52A1A6DBD1FEF1E81C80E2D4F63BCB1C"
"reloc\reloc_fighters_main\CaptainMainMotion","7726","208911984A1FDC3C30717A1F73F0C999EAC0266A274B472D2C967BE8120E2233"
"reloc\reloc_fighters_main\CaptainModel","51432","BBD56FC89524FC5A5DE7D2CB88FDEAD3C231AD402B6039E1B63E4F1091C4669E"
"reloc\reloc_fighters_main\CaptainShieldPose","11056","5E1C969990675923FC395B736CE7D3CD683583C58FD13C6A8C604BC834C8C611"
"reloc\reloc_fighters_main\CaptainSpecial2","26160","6CB72C3F7C0A161D30572C773C2316E18479C4E6BCE182CD0D0777721E6D1F3C"
"reloc\reloc_fighters_main\CaptainSpecial3","2240","D79B23C7CA0F6262C7481651EA9D4986ACC0E7488F53FC29893F29AD6D555E33"
"reloc\reloc_fighters_main\DkIcon","912","C21D2E3A271527AAF61AEF6F06CF0F90D0C55348C13AC77DF4A890AC60FABB25"
"reloc\reloc_fighters_main\DonkeyMain","2274","1F5749FD095403804AB69B4BE76B7251F5491990F01ECE9B1D35CE3F18C6E442"
"reloc\reloc_fighters_main\DonkeyMainMotion","7502","E62D1ACCFA0C5F96DEE0234C6BA9323573F69DC52A50B40382920F75F6413710"
"reloc\reloc_fighters_main\DonkeyModel","54872","BCED84A9D8AA1A2C08ED9F87994BB06A836DFB8B7A797FEC365DD68655F9E2F8"
"reloc\reloc_fighters_main\DonkeyShieldPose","10064","7DB8F40F1EBE70E916159C47250FDA7B4FE7F4F2F2DB41DD2A50043AB6B732BA"
"reloc\reloc_fighters_main\DonkeySpecial2","2432","5C8213669A9373AE999A6DC799908736FDE84BB7A8FEE553A1128232B2AC1094"
"reloc\reloc_fighters_main\FoxMain","2166","0707277BB383B779746D3F8FAEE8C6E0156F78A0653DE6324666080D23793854"
"reloc\reloc_fighters_main\FoxMainMotion","6942","DCC9C3ECBA318B9404C7A4F2AE9BB76023CD92B4B27CDF20D8E7167F40B31F66"
"reloc\reloc_fighters_main\FoxModel","32424","8C49DED8144D153B25101AFC6C71F5E455EF43E2DDC5326C0F71A72AE740B5A5"
"reloc\reloc_fighters_main\FoxShieldPose","11264","AF7EC24095E2C101514A812CF733252CFFC123A103114E14D37D71797121B061"
"reloc\reloc_fighters_main\FoxSpecial1","146","C04FCDEB68521C7262432351DF65928A3E7A7EF95D158FD68F3C547B2C2D5D47"
"reloc\reloc_fighters_main\FoxSpecial2","3712","0D7C355C869C993F8476D3A7CD9A4FB75D04ABA1C1C46E1F7822DA53EFBB1BFE"
"reloc\reloc_fighters_main\FoxSpecial3","12246","B928C17EA613E047BFA2E9A554456322153E410A80ECB7EC811B5FF96FB651E4"
"reloc\reloc_fighters_main\FoxSpecial4","224","5408BD00A01F4ADA549755870C978BB22E0057AEB38FC094C6C76CB9FC5B905C"
"reloc\reloc_fighters_main\KirbyMain","3264","D18CB454B6A40C682A3FFB276193A653DB814710F845330C899BDA3785A3348E"
"reloc\reloc_fighters_main\KirbyMainMotion","9774","44A6AF1B5F390C6276A71E7E0E491DE7789C9F2324922931319D1F6D471FED5E"
"reloc\reloc_fighters_main\KirbyModel","120948","F25ADCA3C25B36D5C65BD00C4E0A5973D9E1C4519F8EAB67AD2B3008A55EA9CC"
"reloc\reloc_fighters_main\KirbyShieldPose","12048","639C4E531F1DBC1AB7875205F437C72216D194F68D305A358DFA3043A396212F"
"reloc\reloc_fighters_main\KirbySpecial2","10592","170AA45C1FB013717928F18D0FD51830A087ED48112BCFDC8E7EB3C8C1EFC885"
"reloc\reloc_fighters_main\LinkMain","2906","8A771A6E2B9E9D8E4B1B103D4C2BE332E7290C36ADF47C324822C2957797A005"
"reloc\reloc_fighters_main\LinkMainMotion","8046","A22B37451A061E12704C14FBD6255676482E9C2D758CF352C5B30FBA84667CC7"
"reloc\reloc_fighters_main\LinkModel","73672","93C9EE108C0E8F1680C35D8D11EC980891850CADCAC5EED5BD731C43E85F163E"
"reloc\reloc_fighters_main\LinkShieldPose","11920","996B06C12E03F443C5A3FC37D6BB600E73050480EB389F2F5DE55AD351E7A199"
"reloc\reloc_fighters_main\LinkSpecial1","148","FFA3B112D4D57EB1C66604B16DA7DE72A7A538100DE8278DD4CA50BE5E1FA84D"
"reloc\reloc_fighters_main\LinkSpecial2","6752","3DECD2670E012CFFB135B47B4CAABF66DB1B90FD637F45408A3E8641F1EA31F1"
"reloc\reloc_fighters_main\LinkSpecial3","1856","3D3224BD445090F8F4CF52937D2B0EA7A2740656ABA63826A9D396B4599E18FB"
"reloc\reloc_fighters_main\LuigiMain","2460","EC8B52F54735BA7C679869CF573D8DF46AA1E7E5986B89F78C467F5E09F67431"
"reloc\reloc_fighters_main\LuigiMainMotion","6830","2353D39379AE6FF6D734C9125311C2490910E2AD86FEC46C00BB353A538C79C9"
"reloc\reloc_fighters_main\LuigiModel","32616","793C2F3AE89AA8925F4CD715B40A79B3FE9236C033D84A4E270F09BC88DD4247"
"reloc\reloc_fighters_main\LuigiSpecial1","148","7A5A2834269B147E23937E1B4A5EA1611E0777DA7CD1AB50EF0B7FDC43BA47F0"
"reloc\reloc_fighters_main\MarioMain","2080","B12C1A0F35C32B6E8F397C756F7B98CB780600DFDE86AB70DF0AF004B43B1BBA"
"reloc\reloc_fighters_main\MarioMainMotion","6686","035EE14F0E9D5B70D5B7A18C0C5AFF60CDE9CCE9BB9F5329D3964ACFCE1FE685"
"reloc\reloc_fighters_main\MarioModel","30056","BE1C3B6F909B42DA2A973E2FE1977CD72C046D2447F0C4AFA97FE8CD5429854F"
"reloc\reloc_fighters_main\MarioShieldPose","10832","27B0A3DE34D639C9702A1F60B5478E491F789FFCA661E2B5A94B69D0339C4DE1"
"reloc\reloc_fighters_main\MarioSpecial1","148","415F3ECE033F9AA81D38D915DDDE6CBD77AAC745586BFF61781FEA5EE7F43B90"
"reloc\reloc_fighters_main\MarioSpecial2","1936","42FABAEA5D9D93B35F43C531601A477ECD85621CC72AFA240DF8AB582589D266"
"reloc\reloc_fighters_main\MarioSpecial3","736","7E0BA95C05CC182347B341D7E7FB0F7F82C6F79B1FAAB02C99829F52A30FA9AF"
"reloc\reloc_fighters_main\NCaptainMain","1626","547CEFE0B71F2514EB3E70B2999FA78938D0FF33406743A4DE7413F094678293"
"reloc\reloc_fighters_main\NCaptainModel","12972","4A564F688DDD2996DBEAB8C13771E86382E5AF4E9D3E57B51501B9AE89633E54"
"reloc\reloc_fighters_main\NDonkeyMain","1610","873B298C6B321954B46BFCD544F0E128C9FD734321479F46293F6DC066C992C5"
"reloc\reloc_fighters_main\NDonkeyModel","12892","72B5669B219F781E4BC9544F881483172EE403497976ED6490C3AAE267C6CD83"
"reloc\reloc_fighters_main\NFoxMain","1626","4E6E3E1F117E3512FC87DF0F6653631ADA259332D721046C5C71FC3D831957E8"
"reloc\reloc_fighters_main\NFoxModel","13160","2B724ED88CBB3813F8F0B645E7F138F83D56B26620FA79BCE5B2A14DDD27104A"
"reloc\reloc_fighters_main\NKirbyMain","1658","8A5A288744CEDDB83F8D18F7632BA9BB0F7886FDF0E147A7037E230B5BE50F62"
"reloc\reloc_fighters_main\NKirbyModel","10140","3E0B70F79668657556DC82A73F1CD1186AD6833313A8DDAD75C3CB5292EEFB6F"
"reloc\reloc_fighters_main\NLinkMain","1674","C5C4C3AA1470DC9AA599439ED246B5CD7A88634E4B6481DEEFA97E747DA8A74B"
"reloc\reloc_fighters_main\NLinkModel","14024","32F3CBED9FABD1C4F5C1E946F0E2B766A6F600D6B8BAF38EF945ADCDD262D7D4"
"reloc\reloc_fighters_main\NLuigiMain","1610","9E505A8B26B15997F326118AC77A945C7374AEE901C01F49A9EFA0BB5A07E74C"
"reloc\reloc_fighters_main\NMarioMain","1610","5B5544959050FF2C2BADE23E972A62AF8BC5BD402E7C8A6A46101B2CE364F01B"
"reloc\reloc_fighters_main\NMarioModel","12088","6D258D7B421A97C575B44680AA4FD3814693EAC8EC11D3952B75411EFCA8CEFA"
"reloc\reloc_fighters_main\NNessMain","1714","BDF20B5B8F76CC637E23A60411ADFB469CBB86152324575FCA02715874783CBC"
"reloc\reloc_fighters_main\NNessModel","13936","6FE09C73087BB1778EEC32AC0ED816E51EA3AC13E50F7595D69AA1F9DEBA22B9"
"reloc\reloc_fighters_main\NPikachuMain","1628","FB6BD45586621887D64EB83FB3A9EFA5EDE7907301C66A11864CE4255A03D7AA"
"reloc\reloc_fighters_main\NPikachuModel","11480","D7995228F2748FA73E913E5BD9358262B48A9CB511D20A4662B8F8837A91B814"
"reloc\reloc_fighters_main\NPurinMain","1626","3C7B3DA7D91F3E7633576E549C1F2F6C0FF5E0351B080924C14D071A04A18CAE"
"reloc\reloc_fighters_main\NPurinModel","10444","833CBA4C10313C0A02341DC9F88AD5FD9A134772CE6B7A44A21407D893B5C452"
"reloc\reloc_fighters_main\NSamusMain","1926","A2E21A2A258BC3256AD035E4132A589F513F959E62B10D9A8DCB353F7B1B82DC"
"reloc\reloc_fighters_main\NSamusModel","19552","9FEBE65E0AE5BCD2568E7050666034E613FB78D6D6BC3A2F6044966FA00A9446"
"reloc\reloc_fighters_main\NYoshiMain","1642","0708D3F2DC43B87A62810FC648003340CFA2EFAB58CCCFE01E32761753379CF9"
"reloc\reloc_fighters_main\NYoshiModel","13464","AED49F9907E703761C5698CE6D10967235AFBA7225E2B8233C804A164489CFB6"
"reloc\reloc_fighters_main\SamusMain","2658","62B722B9EBFBD5C8C7EFCA6533D0F257D4303261A333E1535A5B12AF7C2338C7"
"reloc\reloc_fighters_main\SamusMainMotion","7998","B6C786DCA3115A78D52DB4BAD95E5EF4CBFA9D68B5CE3DD973874EB1608AC919"
"reloc\reloc_fighters_main\SamusModel","58784","67F9646C0A019704DCAE5E3307DF2CF8E4E7846339537A70A64F77D42284BBF5"
"reloc\reloc_fighters_main\SamusShieldPose","10160","0DB038345E140A45C5EDE7E13BAAD65DA01172AE16ECC3AADE696A77450DBDC3"
"reloc\reloc_fighters_main\SamusSpecial1","146","108E5D9AB04F4A0EC8FA232B1A3C6FE1108C8C684D8B09645355587C3217E40B"
"reloc\reloc_fighters_main\SamusSpecial2","3312","46A0BCC0BEB839C08C44E3A43569FBBE62A72D8C17AD90729E1762E7CF010503"
"reloc\reloc_fighters_main\SamusSpecial3","928","F040EE234F476C6B7CD335C7F7E00C7007F80DFA53246A454611B40ABAFAB542"
"reloc\reloc_fighters_main\YoshiModel","44356","E2654CBDC969A473DE1E78FA392211A4F465657A7C16FFC93E6BB2B073D4B04C"
"reloc\reloc_interface\IFCommonAnnounceCommon","32496","3B5108726866A652854A0F8BBEA8A385713C6606E143B27D433CC3FA072548D7"
"reloc\reloc_interface\IFCommonBattlePause","6496","6F0CEFD83EAB1A491CFA7C3EA182AACD43596FF9D4B22166649F966BC6B3E507"
"reloc\reloc_interface\IFCommonDigits","2416","899F73BD80B3B8C4C65E449DA45EBA84337BD92CF4C7FBBE24CE3793157C597B"
"reloc\reloc_interface\IFCommonGameStatus","152368","AEE5419F4515B03C06985F4D697DB7E002604B617C7FBD5ECA9BDC8207AD4EFE"
"reloc\reloc_interface\IFCommonItem","240","E97E0312F794E2ED7D6960C3627D29CB08C076B0DFA7538C3AF419846589F4C6"
"reloc\reloc_interface\IFCommonPlayer","1056","0CFC642A4000BBF91932F0F5A9C84FFF63A318E4D49DF70937186347848E37A3"
"reloc\reloc_interface\IFCommonPlayerDamage","5744","28CF5353FBF4EC151E55DECD27F2BCAFD686C52C80506615707B8918CA3272CD"
"reloc\reloc_interface\IFCommonPlayerTags","3920","9B5AAB384B4BDBD760B1E73087F3BC577D05C315487911AAF168D14BDCAF84D2"
"reloc\reloc_interface\IFCommonTimer","4816","9B14451726189BC5D0AD02F20A4F670AE365BFB001B05C9A9CA2F1D9BEF6DDF1"
"reloc\reloc_items\ITCommonData","3608","8AD38613162D33E712F79F9D5584540DADD3FBDDAD90287DEDF8CFC59CC76F32"
"reloc\reloc_misc_named\CharacterNames","4400","349BD5FA00A938736494D3C10D655FA2363F635C63334094665DDAC5A1427EA8"
"reloc\reloc_misc_named\N64Logo","29792","EF6A14B87EE4C327F1BD2DDCAEA552434BECFA657FC989DFF3A372E43C06BE21"
"reloc\reloc_misc_named\SYKseg1Validate","144","D0712A550C8A4B2F60D16944144125EBD567F49450E3AC1B5D5D5131F3102656"
"renderer\battle_playable_static_textures.rgb5a1.bin","66690","630F8E863D8FACBF342DA49A2D8184D834E33D005CE976BA527EBA9C56E850C9"
"stages\native_stage_bonus1_captain.bin","7217","2415C349C8490DEBA268E5E9434A3034B6ACE5D79A38741D6F67DE5866B575F6"
"stages\native_stage_bonus1_donkey.bin","9118","AD32C65F18A4EB72425D05CA6B5CA75BF21058B6B9885C6B0024CDD2620CB503"
"stages\native_stage_bonus1_fox.bin","9565","4ADD29BBADD7C261EDCED857D19E69EA487D88701EE46D8447D4A0FA0FDFC6C0"
"stages\native_stage_bonus1_kirby.bin","9723","ED8333F108059C49E2C13BB183C975A477CD9FF25ADF23863DF3D58D29ACA0B9"
"stages\native_stage_bonus1_link.bin","10206","5618257395023CCF1AB27A62774432215779F72F6D2C54336C7BE0C98678155B"
"stages\native_stage_bonus1_luigi.bin","8212","E450D7630BBC5AC34F03ED26DB272B05CAE94331EECF56DB011D5473B0502AEF"
"stages\native_stage_bonus1_mario.bin","9019","F98BAB9C888046FD09192452612CA6995E750E321AA7802A95D64B4C00AB8053"
"stages\native_stage_bonus1_ness.bin","12190","9EAB797F17C9780A08ED10DD498848AF952DFFA68FBC4369D534E03E70433B33"
"stages\native_stage_bonus1_pikachu.bin","10951","EEA6C31BD63F46F9F0B588827B588D249293720073FCAE1AF125174E81AED06F"
"stages\native_stage_bonus1_purin.bin","9247","9C895BB0512E1A1D0684012468336104CE6FC3C731DE753FF6EFE7A46D917731"
"stages\native_stage_bonus1_samus.bin","7342","20BC2D1719906CB2CB2851134CB2A9AA87F899FC3D07FB632B26541A5CBFBD97"
"stages\native_stage_bonus1_yoshi.bin","12990","3FBCFB9E2214C2D965AD4DE433FFAF8542B552314E9F091C5AC266002B5EFB95"
"stages\native_stage_bonus2_captain.bin","19541","C579C7852C624A2BAF9C2851AC536FDB53AFBFF8CBBD57CA0EC104413095DDA7"
"stages\native_stage_bonus2_donkey.bin","14372","E14DC9A3D45C3E19E234227D420ECEE22733F84B5BDFC0E3F61F8C1E970159B8"
"stages\native_stage_bonus2_fox.bin","14450","45A5736691CF4F96305DECA442010F8B79B816E26B8E092938A9E3CC7D3B4C19"
"stages\native_stage_bonus2_kirby.bin","13635","EEA3343A4931611156FFE05E5D78222AF09774F4E3C8F7FF1AE47E914F151E4D"
"stages\native_stage_bonus2_link.bin","19210","B6149E11476EC5E6610B5CD8A8A2DF233AED2B0A557B352370C37BD3E53FEE85"
"stages\native_stage_bonus2_luigi.bin","13317","1DC8C7FFA1BFB2C04EFEB3E0BD1848E84C95491F0039B657F15F10F6EB9C9D68"
"stages\native_stage_bonus2_mario.bin","14557","DBE071DCA62B1386F9F6A5F3608914A9FCC26769536304A3DE179D630A2B314A"
"stages\native_stage_bonus2_ness.bin","16117","31E9781250F216494B15751554C0E736EA97C623622789E0765EB2C024DF03A6"
"stages\native_stage_bonus2_pikachu.bin","16084","095877EF4835C871BE260485A667E1A92877970AA6626646B70571163BE049A2"
"stages\native_stage_bonus2_purin.bin","23333","E2264652FE81C84CD5F7A55C029C3006DE688EEC629C30AFD45BA818A5135F6B"
"stages\native_stage_bonus2_samus.bin","10487","79E9394F48BE86E8FA1B53B78D273B909102A792E65523C068E1B062A8A4DDFA"
"stages\native_stage_bonus2_yoshi.bin","12529","95D170994F818AAA21DC85193873C12D4E50DC33D33CB38D5FC5A0F07C0523B7"
"stages\native_stage_bonus3.bin","17040","D2003E50BEA28063CABBD02D23FBA030E9E75567AD0F39A12F1BD857CC5BD499"
"stages\native_stage_castle.bin","9840","56210B9870F3CE808B2E4759847D06B41411B59FCF36908B03E0A18C6CDE5EA0"
"stages\native_stage_hyrule.bin","14291","18CE1B2E4B7D63BF39A6DEDC93E9973911213BD48C7A72CD7A97926E524DFFDD"
"stages\native_stage_inishie.bin","14248","FCB53DCED544B93F4BCF15BC501035E93A0A4130F1ED9FF059767E79ED58DDC8"
"stages\native_stage_jungle.bin","14676","D3639C8233943958C6356978B3B5D52DBC469F392DD1317ACA3157A406EF849A"
"stages\native_stage_last.bin","10448","A5AD8E34978C343737F57924A1A317AFEBCECBE390E186B005088BFF081095F3"
"stages\native_stage_metal.bin","10452","70D22D639CF6A5BB83C979E225A8CBD00375043EB6C1A04B6620BC1D9937ACE2"
"stages\native_stage_pupupusmall.bin","6192","4C2096FFAB6ACEBE34B57EB55356388C1459783F4E533E180C3EDA391CE3A7EE"
"stages\native_stage_sector.bin","17759","A04EDC5C5029EA96C943E4FB263CE92345463FE523ED5721030736301CAAFECB"
"stages\native_stage_yamabuki.bin","18369","93D064DAA56E9125A43606299A9A5200738E76479862D5F109556219FA5DF145"
"stages\native_stage_yoster.bin","12684","329EA34353DB24B912AF1F1C106917A5C91CDFB95878398BBE42834A22FA25FD"
"stages\native_stage_yostersmall.bin","11852","F3B39E764C44076B82301CB5DC8E7D3F8EF48A2145A5FB8D0CAD68ADE158615E"
"stages\native_stage_zako.bin","6312","9B6849C903F4B0DB47FB4E5236268890AF5CF818DF5BF03255429A2F36BE586F"
"stages\native_stage_zebes.bin","14002","D662F1D99BD331862B0C09A91A6138D7A0B3094308F20DDC9672C6F1E9406583"
"wallpapers\native_wallpaper_castle.bin","84480","8613B1DEDA8F5645D86F672458AAED8D8D3ED6C60EB049FB22F136D86DF6B39F"
"wallpapers\native_wallpaper_hyrule.bin","84480","9778C372E8AD5FE2F90216DF8B5C1C681E98BE8F472D52661A65A73071D2EE7E"
"wallpapers\native_wallpaper_inishie.bin","84480","9720D2F99F85E0AE07C60DEFFD5AF3ED2A31E3E67EC17284DF6D1E0193E11549"
"wallpapers\native_wallpaper_jungle.bin","84480","2358BAAC3865E5D8852BE585895F523BA327040134AD8907CA123D4D1F061ED2"
"wallpapers\native_wallpaper_pupupu.bin","84480","3006CE09F08F14DF9A970E792CC08D4A17F73B7640E7B5BF09B695ABE63CAD41"
"wallpapers\native_wallpaper_results.bin","42240","F91E8D9BA49ECF7D436E5C6A8CB5C510A3E96B788D563179148EE4B95E037C58"
"wallpapers\native_wallpaper_sector.bin","84480","9D3E5E8639E98986B4BE1C32AE2B48ECDFD96F678E168EC89EAC588D64671984"
"wallpapers\native_wallpaper_yamabuki.bin","84480","FDAE4149730AC14B23F6A91FD126361F2792F789AA00B8486111F32A54BCFB87"
"wallpapers\native_wallpaper_yoster.bin","84480","5F91E52E2834DC6A34D1ACED950247E12CCD477F07AB090A484A929698B7273A"
"wallpapers\native_wallpaper_zebes.bin","84480","1BEB1752C2DF517A82FD0C570301D93469D74E612EAC54FC7EC0208C293DA7FC"
"effects\task39_hit_sparks.rgb5a1.bin","22528","0396E9F2D3245991E26617722130A6200C166182A440EB11DBBF1222531B713B"
"menus\battle_hud.bin","12424","854C88C50C2A4EC0309061AB28378F760892EC98AA9F16D9BED78B5404775AF7"
"particles\efcommon_particle_quads.a5i3.bin","41280","E4BD953FAAF027B89818D290A460CE630A35E34455E572FD45639F5E7B2DDD79"
"particles\efcommon_particle_textures.ds.bin","212160","4D4E6BC2A885CF38B64A0083D167E78289F7CEE87826570A33DCC16F6AC4FFFC"
"particles\grpupupu_whispy_native.ds.bin","1520","F59B9452BA280D507C9BD70672E2B93B228D9E9439D758E4410591C70D5C5B77"
