frame,ALL,FTR,STG,BG,AUD,HUD,SRC,MISC,OTHR,WAIT,WORK,SHDT,SWRM,GCRA,SCPU,SCAT,SPRM,SINT,SPHD,SPHC,MWPN,MEFX,MPRT,MTEX,GPOL,GVTX,DGSA,DGSB,WORK-H,WRAPFIX
350,2237632,235264,378432,0,3776,5568,1440576,125696,48320,9344,2228288,372416,1152,1434752,3520,2752,11200,786048,178112,960,0,0,50112,0,551,1378,2903382,3430317731,2222720,0
351,1677376,207616,379712,0,3776,5568,613760,125184,341760,302656,1374720,203392,1216,607808,2560,3520,13120,153600,151488,960,0,0,49088,0,545,1371,2204944819,3251765767,1369152,0
352,1677568,204992,379648,0,6848,27072,680128,114688,264192,224768,1452800,202432,1152,674240,74880,3584,3328,228352,153920,1088,0,0,39296,0,551,1371,4248622268,1895337848,1425728,0
353,2237184,368384,379200,0,3776,5376,1171072,213440,95936,56768,2180416,179264,1216,1165312,1600,460672,3328,263232,141056,17216,64,94912,39936,0,575,1389,1121557325,2110968906,2175040,0
354,1677568,214272,380800,0,6528,5120,642688,212736,215424,176320,1501248,204096,1216,636928,1536,1920,3456,149888,121856,35136,128,95744,39552,0,586,1408,152661746,1660131542,1496128,0
355,1677376,191296,380544,0,5312,5440,653056,223744,217984,178176,1499200,204288,1152,647232,1792,2176,3136,165824,120640,28992,128,96704,48192,0,604,1429,212900586,3705463278,1493760,0
356,1676992,173824,380544,0,5504,5760,642624,224448,244288,205440,1471552,203520,1216,636864,2048,1984,3392,155456,119936,29248,128,94080,46912,0,589,1399,2640840122,1485281326,1465792,0
357,1677824,190400,382592,0,144512,5312,674048,214528,66432,26688,1651136,203968,1152,668160,30336,1920,3584,184704,119680,30080,128,96640,39040,0,582,1383,1974784783,3049191499,1645824,0
358,3357504,1169216,377600,0,2752,26304,1125504,254336,401792,362816,2994688,422272,1152,1119744,1600,1920,222208,191296,127296,29248,128,95936,76992,0,574,1389,2094796431,166641897,2968384,0
359,1677632,241600,379520,0,3392,26688,751616,136960,137856,98176,1579456,13888,1152,745728,1856,1856,2880,419264,126848,25600,0,0,59072,0,580,1406,1807428307,4035495362,1552768,0
360,1117248,184512,378176,0,3456,26624,343104,136192,45184,6208,1111040,13184,1280,337088,1856,1728,3136,86656,115328,26112,0,0,57600,0,585,1419,3669972488,2754120361,1084416,0
361,1677184,185024,379584,0,3456,5632,383424,137728,582336,543424,1133760,13440,1216,377600,32512,1920,3136,114368,116224,26880,0,0,58432,0,584,1421,2954307175,2875159347,1128128,0
362,1677888,212800,379200,0,3392,27008,343744,133312,578432,539072,1138816,13376,1152,337792,1344,1536,2880,88320,114944,27136,0,0,54336,0,576,1397,3456221821,25658101,1111808,0
363,1676992,208384,381376,0,3584,5696,525056,135104,417792,378304,1298688,94080,1152,519296,2880,1856,3136,158912,130688,27136,0,0,55424,0,578,1391,1239063861,3442844296,1292992,0
364,1677312,187136,379008,0,3584,5376,604928,127040,370240,331008,1346304,159744,1344,598848,27136,1984,3136,183232,129856,27200,0,0,47680,0,577,1376,3351464601,3525991905,1340928,0
365,1677184,176192,382208,0,3392,5760,461440,124096,524096,484800,1192384,8640,1216,455616,51584,2048,2944,211072,112576,26944,0,0,44544,0,574,1376,316446405,47262490,1186624,0
366,1677440,175936,383296,0,3328,5312,500352,122624,486592,447296,1230144,8384,1152,494464,99136,1984,3008,255168,111232,27200,0,0,43648,0,577,1385,2572524444,1389652422,1224832,0
367,1677120,176384,380416,0,3520,5568,463488,109312,538432,499456,1177664,8640,1216,457600,59712,2048,3200,214016,115520,26496,0,0,30656,0,559,1337,2582160055,3734796520,1172096,0
368,1677504,178304,379776,0,3456,5696,449216,109376,551680,512768,1164736,8576,1152,443520,61952,1856,3264,213120,103168,26176,0,0,31936,0,560,1340,1251647969,1468353633,1159040,0
369,2237632,218880,382080,0,3840,26688,1035072,177152,393920,354816,1882816,9664,1088,1029312,51520,1984,3136,790784,104768,26176,128,66240,30784,0,591,1411,3033830181,465545181,1856128,0
370,1677632,178944,383552,0,3456,5824,396288,170240,539328,500032,1177600,9344,1280,390336,1728,1792,3200,149824,102720,24512,128,66688,23104,0,579,1381,3018211345,3048818526,1171776,0
371,1677312,178496,380480,0,121472,26624,394688,170304,405248,364928,1312384,9664,1280,388736,1856,1792,3008,150784,101888,24256,128,66944,23296,0,581,1388,917294508,923332371,1285760,0
372,2237888,289600,379584,0,3648,26944,821568,170496,546048,505984,1731904,9536,1280,815552,2624,1728,2880,577024,104640,27072,64,66496,23616,0,569,1358,2784368858,4287337302,1704960,0
373,1677056,192000,383360,0,3712,5568,558464,179392,354560,315136,1361920,9216,1216,552512,21696,1728,3072,317120,102080,26048,64,66368,32704,0,579,1385,2832297299,3697929023,1356352,0
374,1677376,176128,381376,0,3648,5568,442432,178240,489984,450240,1227136,9024,1152,436480,52992,1600,3072,201664,100544,26688,64,66624,31168,0,579,1380,140598684,3135965523,1221568,0
375,2797760,1030080,382720,0,3712,5760,977984,198080,199424,160320,2637440,8448,1152,972224,2368,2688,3200,736128,102912,26880,128,93056,23680,0,595,1398,552964960,1505207035,2631680,0
376,1677440,245312,379392,0,5952,5568,546048,181504,313664,274496,1402944,8640,1152,540288,2560,3200,3328,174656,236928,27328,128,78208,22720,0,585,1383,1952796163,2338311633,1397376,0
377,1677504,220032,382016,0,6592,27072,463616,183680,394496,355264,1322240,8192,1280,457792,33664,3584,3200,199424,129216,27136,64,67712,33088,0,593,1392,2875431930,1154735946,1295168,0
378,1677312,220928,379392,0,6528,5504,462592,193856,408512,369408,1307904,8128,1088,456896,53568,3072,3200,218880,106624,27008,128,81216,31040,0,586,1383,1801678080,232048848,1302400,0
379,1677248,243584,380864,0,4096,5440,634432,183680,225152,186112,1491136,8320,1216,628544,2304,3328,3200,369600,128192,26816,128,65984,36672,0,584,1376,978712068,2983867137,1485696,0
380,2237824,271488,382912,0,2752,27200,1063616,212544,277312,238016,1999808,9984,1216,1057664,2112,3584,3264,772416,164416,13312,128,81088,47296,0,609,1423,3154993195,4201519179,1972608,0
381,2237504,325056,377856,0,3712,48768,975936,309312,196864,157376,2080128,68992,1216,970176,29568,3712,264000,329216,200448,1152,128,171136,55680,0,570,1371,1878526370,345787428,2031360,0
382,1677248,227648,381184,0,3712,27392,413824,300416,323072,283968,1393280,12544,1280,407744,51840,1728,3072,137728,145280,1152,128,171264,46656,0,565,1358,1887025794,2311165787,1365888,0
383,1677440,214016,379008,0,3712,27200,409792,335808,307904,268224,1409216,12672,1280,404032,53632,1728,3072,137792,144384,1216,128,204992,44608,0,571,1374,3769296004,2114881548,1382016,0
384,1677184,222656,379648,0,145792,27392,358464,318464,224768,184960,1492224,12672,1280,352640,2432,1728,2816,85184,148928,1216,128,205760,31424,0,571,1375,3827543623,556475154,1464832,0
385,1677248,225088,380224,0,3712,5696,397568,196096,468864,429312,1247936,12608,1152,391808,52224,1984,3008,137344,143552,1088,64,83648,30656,0,576,1369,1679792139,1277118038,1242240,0
386,1677376,221824,382528,0,3840,5568,452736,317568,293312,254016,1423360,12288,1280,446848,30208,1728,24192,160512,152192,1152,64,204928,30848,0,575,1379,3429133406,318824906,1417792,0
387,1677632,279296,381056,0,5952,5504,491840,328512,185472,145856,1531776,12096,1216,486016,2176,1984,38144,179392,159040,1152,128,204416,41600,0,592,1407,563707940,255623014,1526272,0
388,1677184,211136,381632,0,4992,5632,497536,328192,248064,208320,1468864,9152,1216,491840,43584,1856,38656,198784,147840,1088,64,205120,40704,0,597,1416,3825897112,2774922926,1463232,0
389,1677312,211968,382016,0,3776,5760,493888,292800,287104,247360,1429952,9216,1280,488128,44224,1792,37952,195520,147008,1280,64,179072,31872,0,602,1438,1681553641,1117722588,1424192,0
390,1677504,211840,379136,0,3456,5504,529152,100544,447872,408320,1269184,9344,1152,523392,72576,1728,38272,227072,155072,1088,0,0,22528,0,603,1435,593985211,1763609050,1263680,0
391,1677696,234240,379392,0,3456,27008,753728,101312,178560,138816,1538880,9152,1152,747840,71488,1536,38080,456192,160128,1280,0,0,22208,0,603,1438,3828082992,2741629787,1511872,0
392,1677248,223104,377600,0,3520,5568,490176,100288,476992,437568,1239680,9088,1216,484480,44352,1536,38592,193216,159616,1280,0,0,22144,0,612,1451,314299968,4146449449,1234112,0
393,1677376,223936,376064,0,3392,5504,514048,111488,442944,403584,1273792,9024,1280,508032,44864,1728,37952,213120,163904,1024,0,0,31872,0,615,1472,2790701032,3579029752,1268288,0
394,1677312,212544,381824,0,5632,5888,507136,109184,455104,415872,1261440,8896,1152,501312,45440,1856,38592,199168,168320,1216,0,0,29888,0,608,1458,3376080377,1671121770,1255552,0
395,1677248,246016,379584,0,3456,5568,715584,115904,211136,171648,1505600,8960,1152,710016,76736,1728,38208,405056,169920,1280,0,0,21504,0,610,1456,3800254430,2436917684,1500032,0
396,1677568,233600,382016,0,3520,5568,772672,117184,163008,123072,1554496,8896,1216,766848,94656,1728,38016,474624,165632,1280,0,0,20928,0,613,1476,1772897868,526162103,1548928,0
397,1677120,225216,383936,0,5824,5568,489728,116096,450752,411904,1265216,9024,1152,484288,36800,1792,38208,189312,167104,1216,0,0,21376,0,607,1450,3341210757,2575162483,1259648,0
398,2239040,291136,381696,0,6528,24000,749760,213760,572160,531200,1707840,9088,1216,744000,37184,1920,17088,210560,426496,1216,128,66624,36480,0,640,1527,3208226560,2172810031,1683840,0
399,1677696,176704,378816,0,121728,24256,446336,195328,334528,292928,1384768,9408,1152,440640,37632,2176,3072,177024,152256,1152,128,66624,34944,0,632,1514,2082965684,1240060173,1360512,0
400,1677248,190912,378688,0,3392,23936,441920,193152,445248,404096,1273152,9152,1152,436032,37504,1728,3136,171392,153600,1088,128,67200,32000,0,629,1511,1923947990,3199077078,1249216,0
401,1677504,191488,379456,0,3328,45504,469056,183040,405632,364480,1313024,9536,1216,463360,83328,1792,3264,199936,153664,1088,128,66624,23680,0,627,1511,1128015963,2213807987,1267520,0
402,1677184,209664,378752,0,3456,24320,645120,183104,232768,191424,1485760,9536,1152,639552,82496,1920,3136,375616,154816,1152,192,66944,23104,0,629,1507,3083662496,1109544998,1461440,0
403,1677568,174592,381056,0,3328,24192,476672,194368,423360,382016,1295552,9216,1152,470784,83328,1792,3392,210496,152064,1216,128,66880,33024,0,630,1520,1647710816,4257459993,1271360,0
404,1677248,174656,375168,0,3456,24448,483712,120192,495616,453952,1223296,9280,1152,478080,102144,1792,3008,215936,151168,1216,0,0,30528,0,613,1459,278640310,935643410,1198848,0
405,1677312,190016,382912,0,3392,23872,654272,121024,301824,260864,1416448,9216,1216,648448,121472,1792,2944,393216,156800,1344,0,0,30528,0,617,1461,2277550257,1664849291,1392576,0
406,1677568,176000,379008,0,3392,24320,510656,111680,472512,431232,1246336,9664,1152,505024,119872,1792,3008,252544,154752,1280,0,0,22400,0,614,1451,556069784,1875055006,1222016,0
407,1676928,174912,382592,0,5440,45952,513024,115136,439872,398976,1277952,9088,1216,507136,122112,1792,2944,257856,153792,1088,0,0,22400,0,615,1456,4046544770,2565589627,1232000,0
408,1677440,174016,377024,0,5824,24000,523904,112000,460672,419584,1257856,9024,1216,518080,123584,1856,2880,265024,155328,1280,0,0,22208,0,614,1449,4154707997,1001605860,1233856,0
409,2237696,401536,379072,0,3520,24704,849792,135104,443968,403072,1834624,9088,1152,844032,104448,1920,3072,582848,162432,1408,0,0,44096,0,603,1450,3236600367,2226944311,1809920,0
410,1677760,175552,378624,0,3520,24256,518784,132992,444032,402496,1275264,9280,1152,512960,122176,1856,3200,263808,148736,1152,0,0,42880,0,603,1446,3138007078,21820907,1251008,0
411,1677248,175744,379456,0,4608,45632,519616,131968,420224,378944,1298304,9728,1280,513920,122880,1664,3072,261440,151424,1152,0,0,43328,0,599,1444,2548780160,2757540124,1252672,0
412,1677248,198720,382016,0,5696,24256,693184,125504,247872,206784,1470464,9600,1152,687424,123392,1664,2816,428224,158464,1152,0,0,35264,0,604,1446,1909358331,3785779706,1446208,0
413,1677248,176320,382080,0,120256,24000,548544,125248,300800,259456,1417792,9216,1152,542912,121920,1792,3136,284160,157952,1216,0,0,35264,0,604,1442,1604881299,2042630049,1393792,0
414,1677504,174080,379840,0,1984,24128,568128,124416,404928,363968,1313536,9216,1216,562304,135872,1856,3008,301632,165760,1152,0,0,34432,0,618,1470,715947971,3477779736,1289408,0
415,1677376,175104,379328,0,1984,24128,593728,136064,367040,325888,1351488,9344,1216,587840,147968,1792,3136,329152,163968,960,0,0,44352,0,603,1452,207791752,2047113626,1327360,0
416,1677568,175424,377984,0,1920,24320,563072,131520,403328,362304,1315264,9024,1216,557248,148096,1728,2944,309504,152192,1216,0,0,41536,0,592,1441,3253004789,2415620025,1290944,0
417,1677760,175936,375808,0,1984,24128,573888,120768,405248,363712,1314048,9344,1216,568064,147840,1664,3264,314304,157952,1152,0,0,30592,0,587,1433,3551523821,2298058813,1289920,0
418,1676800,250688,378496,0,1856,24320,570944,113728,336768,295360,1381440,9216,1280,565120,148544,1728,2944,318336,153728,1152,0,0,21952,0,590,1435,3538315681,508997294,1357120,0
419,1677120,198848,381824,0,1920,24128,692608,112192,265600,225216,1451904,8832,1152,686784,156288,1792,3008,441152,153664,1280,0,0,22208,0,617,1468,565962178,3962345534,1427776,0
420,1677376,190528,378240,0,2048,23936,576384,112128,394112,353536,1323840,9344,1280,570496,160064,1856,3072,322688,155008,1152,0,0,22720,0,611,1442,4055900001,1597201371,1299904,0
421,1677632,192256,382912,0,1920,46016,597056,121920,335552,294400,1383232,9152,1152,591296,160832,1920,3136,346688,150784,1280,0,0,32256,0,611,1444,2986911415,855244989,1337216,0
422,1677312,177472,377280,0,2048,23872,576384,119808,400448,359232,1318080,9216,1216,570624,161344,1920,3072,325376,151488,1024,0,0,29952,0,602,1431,863649618,521694961,1294208,0
423,1677376,190272,377984,0,1920,23872,577152,113344,392832,351744,1325632,8896,1216,571392,159936,1920,3136,326016,151040,1216,0,0,23296,0,606,1436,1993176384,3510717431,1301760,0
424,1677440,192448,379584,0,2048,24384,607680,112704,358592,317440,1360000,9088,1152,601792,195840,1792,2944,364672,144448,1280,0,0,22528,0,614,1460,2901155668,2137471450,1335616,0
425,1677568,177792,379776,0,1984,24512,522240,110656,460608,419456,1258112,9088,1216,516416,113792,1664,3136,281408,142656,1088,0,0,22912,0,611,1457,2443817033,3562523059,1233600,0
426,1677120,212032,380288,0,3392,24256,820224,126144,110784,69824,1607296,8768,1472,814272,126848,1984,3200,563968,156992,1280,0,0,34496,0,601,1424,2700158662,3853696014,1583040,0
427,1677440,194432,379840,0,3456,24448,594944,134592,345728,304576,1372864,9152,1088,589184,167232,1856,2944,347584,145920,1088,0,0,44224,0,600,1418,1893954472,449351429,1348416,0
428,2237440,200896,383360,0,135360,24128,927296,132544,433856,392320,1845120,9088,1216,921536,167744,1728,2816,674432,151552,1216,0,0,42048,0,596,1420,2059836038,3928589126,1820992,0
429,1677312,190144,383424,0,3584,24128,492672,130944,452416,411456,1265856,9280,1280,486912,62976,1792,2944,224128,165248,1216,0,0,41408,0,603,1438,175422251,1999740765,1241728,0
430,1677376,190464,380416,0,3520,24704,477568,132160,468544,427520,1249856,9152,1280,471808,62272,1728,3264,226624,148864,1216,0,0,41152,0,605,1440,550140452,2293443382,1225152,0
431,2237696,418432,380032,0,4416,46016,668864,132480,587456,546432,1691264,9216,1088,663104,93760,1792,2944,413312,153600,1344,0,0,41344,0,601,1430,1300260460,3803283867,1645248,0
432,1677440,195392,378368,0,5760,24320,680064,141952,251584,210880,1466560,9280,1152,674304,55296,1536,3072,421056,157184,1024,0,0,51008,0,598,1446,2128615425,2421711012,1442240,0
433,1677440,192064,378560,0,2880,23744,669504,140544,270144,229376,1448064,8960,1088,663936,2048,1792,3072,156416,411584,1088,0,0,49472,0,604,1456,993508891,2569283093,1424320,0
434,2237760,222272,385664,0,5568,24576,968832,134400,496448,454848,1782912,9664,1152,963072,63936,1920,3328,688064,149632,1024,0,0,42560,0,601,1444,2180254410,182972665,1758336,0
435,1677184,402304,386176,0,4032,24064,620160,125248,115200,73728,1603456,9280,1216,614528,2688,1664,3136,359232,147968,1152,0,0,34240,0,592,1439,3671451348,4124796988,1579392,0
436,1677440,175744,386944,0,1920,23936,448896,125312,514688,473216,1204224,9216,1216,443072,29632,1792,3072,191424,144640,1088,0,0,35136,0,596,1431,1994426073,2521544409,1180288,0
437,2237184,176064,384128,0,3456,45568,920256,113856,593856,552640,1684544,200576,1216,914624,44480,1792,3392,453440,161600,1024,0,0,22656,0,605,1427,3120494501,3171922164,1638976,0
438,2237696,212416,385216,0,3648,27456,1134400,122432,352128,311104,1926592,372608,1216,1128576,1856,1664,216448,246528,172672,1280,0,0,43328,0,609,1451,410652742,468310744,1899136,0
439,1675904,178560,387648,0,3456,5824,460736,120384,519296,479808,1196096,104896,1216,454848,1984,2048,2944,84544,162368,1344,0,0,42240,0,598,1436,1180898682,249729495,1190272,0
440,1677376,205184,385920,0,3584,48832,769024,123584,141248,101376,1576000,207616,1216,763328,29696,1728,3008,279040,179072,1152,0,0,43904,0,591,1424,922651158,1579983298,1527168,0
441,1677440,176000,379776,0,143744,5376,483904,118784,369856,330176,1347264,102784,1216,478080,33472,1728,3008,119104,168192,1152,0,0,40640,0,586,1407,700917937,668626896,1341888,0
442,1677248,190016,381440,0,3648,5440,500160,119680,476864,437568,1239680,105792,1216,494336,1536,1792,3136,125568,174528,1088,0,0,40896,0,575,1412,1562110561,2124139614,1234240,0
443,1677312,224704,378048,0,3520,5312,905984,117568,42176,2752,1674560,285056,1152,899968,2880,1984,13184,303936,212352,960,0,0,38976,0,582,1398,4033623700,3168374051,1669248,0
444,2237696,237120,379968,0,3712,27072,1114688,294336,180800,141056,2096640,425280,1152,1108864,2432,1792,210496,169472,193344,1088,128,171264,40960,0,587,1423,902481597,676095830,2069568,0
445,1677248,221568,389504,0,3648,27328,439936,292160,303104,263872,1413376,13824,1216,433984,62784,1664,2880,147328,159808,1280,128,171392,39872,0,582,1407,4228679992,787889068,1386048,0
446,1677312,206912,384768,0,3584,27072,377152,326016,351808,312064,1365248,13440,1280,371328,1856,1408,3008,84928,158336,1280,128,205120,39104,0,587,1421,4023645759,3162948365,1338176,0
447,1677312,206208,386432,0,3520,5632,479040,309440,287040,247488,1429824,13376,1216,473152,104320,1600,2944,190848,159232,1280,128,205056,22656,0,581,1398,954391958,3830035128,1424192,0
448,1677440,220544,386176,0,3840,5760,552064,188928,320128,280960,1396480,13568,1152,546112,104768,1920,15552,236928,175104,1280,128,84032,22272,0,583,1412,1500371267,2647075086,1390720,0
449,1677504,230720,384256,0,3584,5632,622784,310080,120448,81152,1596352,14144,1216,617088,133888,1792,28032,290304,179200,1152,128,204992,22720,0,591,1434,2472459749,2433569946,1590720,0
450,1677376,227584,386496,0,3776,27072,611264,318592,102592,63168,1614208,13952,1152,605504,102912,1856,28224,278080,179328,1152,128,205376,32000,0,607,1451,3641408269,2278649192,1587136,0
451,1677120,223616,378944,0,3584,5696,628032,323392,113856,74112,1603008,11648,1216,622400,149696,1856,35520,308800,172736,1216,192,205184,36160,0,604,1473,162548655,511395165,1597312,0
452,1677504,219456,378304,0,3392,5888,576320,296320,197824,158336,1519168,9216,1152,570688,133248,1664,16704,293312,157312,1216,128,179968,34432,0,592,1435,1591088606,1321262269,1513280,0
453,1677184,177408,378816,0,3648,5696,597376,109440,404800,365312,1311872,9536,1216,591296,170496,1856,3200,330496,156928,896,0,0,29888,0,576,1407,1313564828,842748120,1306176,0
454,1677440,177344,377472,0,3648,5568,619456,101184,392768,353728,1323712,9024,1152,613632,198720,1856,3136,363392,156800,1216,0,0,22400,0,569,1402,3435351806,1708522212,1318144,0
455,1677312,177856,377920,0,122304,6016,621440,100480,271296,232192,1445120,9216,1216,615616,203136,1728,3072,365440,158208,1024,0,0,21632,0,582,1413,142299506,197942188,1439104,0
456,2238080,400256,380096,0,6016,5568,800320,110208,535616,496192,1741888,9024,1280,794496,200064,1856,3136,542720,158976,1216,0,0,31936,0,594,1426,149225910,2438511836,1736320,0
457,2237184,198720,378688,0,4800,5376,963392,107712,578496,539456,1697728,9088,1152,957568,202752,1792,3264,708032,155392,1152,0,0,29632,0,605,1443,579624171,768934048,1692352,0
458,2237824,270656,376064,0,3584,5696,918336,109568,553920,514560,1723264,9216,1152,912768,207936,1600,3072,660096,158784,1024,0,0,30336,0,594,1434,675882271,3083368447,1717568,0
459,1677504,233152,376128,0,3392,5632,707968,101248,249984,210304,1467200,9344,1152,702336,101632,1920,3008,454592,153664,1152,0,0,21504,0,608,1439,2213355994,2768234241,1461568,0
460,1677504,175360,377152,0,3328,26816,490304,99776,504768,465280,1212224,8896,1216,484480,84928,1728,3072,249024,144064,1088,0,0,21760,0,593,1418,2590003519,1503930816,1185408,0
461,1677120,176320,379456,0,3456,5696,537152,110528,464512,425280,1251840,9280,1152,531264,111616,1984,3008,294016,144384,1216,0,0,32064,0,594,1420,723172233,4098569224,1246144,0
462,1677440,176576,377856,0,3328,5632,530048,108928,475072,435840,1241600,9472,1280,524096,116864,1664,3008,284480,145856,1280,0,0,30208,0,602,1446,3557954013,1620632832,1235968,0
463,1677440,195008,380800,0,3456,5504,524992,114560,453120,413632,1263808,9408,1216,519040,86144,1984,15488,250176,162432,960,0,0,35200,0,602,1443,3073098848,733094377,1258304,0
464,2237248,234688,377280,0,3648,5632,967936,125888,522176,482816,1754432,98688,1280,962112,62656,2112,27584,570432,178112,896,0,0,46016,0,602,1442,3236776472,828961356,1748800,0
465,1677440,228096,378944,0,3648,5440,634432,126912,299968,260800,1416640,117248,1152,628672,62976,1792,27712,227392,171712,1216,0,0,47040,0,586,1408,2287640264,1448644788,1411200,0
466,1677504,241600,380352,0,3712,5888,753664,117632,174656,134912,1542592,203072,1152,747840,92544,1920,27200,256000,176384,1216,0,0,39232,0,585,1408,2707532306,3981022497,1536704,0
467,2237568,780672,379648,0,6464,27200,550592,130816,362176,322944,1914624,9344,1216,544768,65216,1792,38592,259328,153472,1344,0,0,48576,0,589,1419,960167969,2178699294,1887424,0
468,1677120,223680,378688,0,118784,5504,673216,125696,151552,112448,1564672,9472,1152,667264,65536,2048,24128,393088,156288,960,0,0,46272,0,576,1394,1995176495,3531741543,1559168,0
469,2797824,252864,380992,0,5632,48512,1372224,144192,593408,553216,2244608,527488,1152,1366208,65728,1856,225472,315392,206336,1088,0,0,64512,0,596,1422,801017375,819186267,2196096,0
470,1677312,247488,379008,0,4992,27712,760640,146560,110912,71296,1606016,210944,1152,754752,117056,1728,26944,208512,193344,1344,0,0,67008,0,599,1435,1922865483,2169794753,1578304,0
471,1677184,226496,379264,0,4800,27200,599296,142528,297600,258624,1418560,104768,1216,593472,91072,1536,36032,182080,177216,1280,0,0,63552,0,600,1433,2170256803,4212606717,1391360,0
472,1677248,227200,381696,0,5632,5824,375360,145152,536384,497664,1179584,14080,1280,369472,1984,1664,17024,87680,161664,1280,0,0,65920,0,600,1431,3953101159,2657496364,1173760,0
473,1677248,222016,379648,0,4672,5696,531520,149632,384064,344832,1332416,13824,1152,525632,54208,1728,24320,225920,172096,1216,0,0,69824,0,606,1442,2341348242,2909089409,1326720,0
474,2237760,238912,380160,0,3776,27136,1113408,332416,141952,102208,2135552,221312,1216,1107584,1792,1792,206080,377728,205888,1152,128,170304,81024,0,623,1492,3885688049,2479757717,2108416,0
475,1676992,237312,379520,0,3648,27264,390272,328704,310272,271168,1405824,17536,1280,384320,2112,1600,2816,86848,169856,1216,64,171200,75072,0,615,1464,2462643441,3142253093,1378560,0
476,1677504,225024,380736,0,3648,27328,379840,356352,304576,265152,1412352,13568,1280,373760,2368,1600,3008,90240,161216,1216,128,205440,69632,0,617,1470,388419664,2290161605,1385024,0
477,1677504,209088,382528,0,3648,5504,453184,356672,266880,227392,1450112,14016,1152,447616,80896,1728,3008,167168,163328,1280,128,204800,69248,0,629,1501,1484708016,532032932,1444608,0
478,2237504,322880,380544,0,3712,5760,808064,229760,486784,447424,1790080,14080,1344,802176,135872,1664,3008,517952,167232,1152,192,84288,62784,0,628,1490,2931500303,1112182732,1784320,0
479,1677312,205888,378240,0,3776,27200,602368,343040,116800,77440,1599872,14144,1152,596736,103552,1728,27648,263680,191552,1344,128,205312,55744,0,628,1492,3168478853,3798619781,1572672,0
480,1677312,237184,380352,0,3648,5632,620928,335104,94464,55232,1622080,11264,1088,615360,132224,1664,36416,296768,173760,1216,64,204096,48704,0,632,1503,1513376559,1392254834,1616448,0
481,2237504,241728,379648,0,3648,5696,802240,339264,465280,426240,1811264,9344,1152,796224,123008,1792,17152,509184,163456,1088,64,206080,52736,0,624,1495,2594574862,4200626895,1805568,0
482,1677184,176960,378816,0,122752,5696,583040,308480,101440,61568,1615616,9216,1152,577152,150528,1920,3072,307520,160384,1216,128,178688,47936,0,616,1475,2214063104,1164404908,1609920,0
483,1677568,175360,382144,0,3712,5568,509632,132928,468224,428352,1249216,9408,1216,503872,69760,1728,3264,240000,158208,1152,0,0,53696,0,611,1454,3196783164,2649463344,1243648,0
484,1677248,177088,379072,0,5952,5440,482944,125888,500864,461952,1215296,9280,1152,477248,69824,1600,3200,224000,157248,960,0,0,46464,0,617,1461,1037746445,3655795859,1209856,0
485,1677440,176064,379840,0,6016,5568,492544,125824,491584,452480,1224960,9088,1216,486656,78080,1792,3136,233984,157248,1152,0,0,46272,0,612,1449,3097689055,4189966021,1219392,0
486,1677504,177280,380608,0,5696,5632,479232,117312,511744,472576,1204928,9088,1216,473600,71040,1664,3136,228224,149824,1216,0,0,39040,0,608,1444,2161086918,3742505194,1199296,0
487,2237632,750656,379456,0,4736,5632,676864,119616,300672,260864,1976768,9216,1088,670976,73024,1856,3072,424448,151872,1216,0,0,38848,0,606,1438,147505065,3678654812,1971136,0
488,2237312,759616,378432,0,3392,5376,638080,123712,328704,289536,1947776,8768,1088,632320,95744,1792,3008,383808,152320,1216,0,0,43648,0,608,1444,422320992,2820194639,1942400,0
489,1677760,175616,380864,0,3264,27072,501632,110272,479040,439552,1238208,8640,1216,495680,121920,1792,3136,251968,149056,1280,0,0,30784,0,604,1438,2416005354,3635333695,1211136,0
490,2238912,253824,378560,0,3456,19968,1092928,142720,347456,306560,1932352,9088,1216,1087104,123520,1984,3008,540928,452032,1152,0,0,52416,0,617,1467,1671794268,749709355,1912384,0
491,1677632,178048,380160,0,3520,20352,510656,120576,464320,422656,1254976,8768,1152,505024,128320,1792,3008,292096,119360,960,0,0,31360,0,601,1444,802308120,569149503,1234624,0
492,1677376,195136,378240,0,3712,19840,646720,120768,312960,271552,1405824,8448,1216,640896,120320,1792,3136,424256,122304,1088,0,0,31296,0,597,1446,1179139656,2774010250,1385984,0
493,1677184,228864,378624,0,4800,20352,517888,120448,406208,365504,1311680,9088,1152,512192,136640,1664,3008,298624,120256,1088,0,0,30720,0,603,1450,4106008421,2577206459,1291328,0
494,1677376,189888,378176,0,5696,20416,473344,121152,488704,448128,1229248,9216,1088,467584,76288,1792,3072,253632,119552,960,0,0,32000,0,604,1436,3936421258,1363457374,1208832,0
495,1677440,190080,385472,0,4864,20096,456704,118336,501888,460672,1216768,9024,1152,451008,75648,1792,3072,238592,119360,1216,0,0,29952,0,592,1416,1846630218,961913385,1196672,0
496,1677376,189568,379392,0,119232,19904,640640,198272,130368,88576,1588800,11136,1216,634752,75584,1856,3136,369984,168832,960,128,66368,39808,0,607,1462,2712336779,1783857117,1568896,0
497,1677184,190528,381504,0,3520,41344,481408,200512,378368,337088,1340096,11456,1216,475648,75712,1792,3264,236608,122816,1088,128,67264,40256,0,603,1454,3255517165,3841506997,1298752,0
498,1677504,214144,378304,0,3456,24384,634304,200512,222400,181440,1496064,9664,1216,628608,78016,1792,2944,394048,121856,1152,64,66816,40064,0,603,1452,695852258,1775860775,1471680,0
499,1677440,188928,381312,0,5696,42752,497216,198080,363456,322240,1355200,9728,1280,491520,98368,1792,3072,260736,118720,1152,128,67072,40256,0,608,1463,4145704454,563864925,1312448,0
500,1677184,187904,379584,0,4928,24512,540544,208704,331008,289920,1387264,9536,1216,534784,121728,1856,3072,305280,118272,1088,128,66688,49472,0,599,1455,3752870561,2473745802,1362752,0
501,1677440,189760,383424,0,3520,24192,591168,274432,210944,169728,1507712,11648,1152,585152,120640,1728,3072,302720,167232,1088,192,127808,50880,0,619,1516,3755690473,3626582353,1483520,0
502,2237184,214528,379904,0,3840,23808,1033856,224384,356864,315840,1921344,9792,1280,1027968,158464,1856,3136,759616,132608,960,128,67264,63552,0,608,1484,666658120,3166172138,1897536,0
503,1677440,190400,380608,0,3840,24128,551808,216832,309824,268608,1408832,9216,1152,546176,148288,1600,3264,308928,117184,1152,64,66240,56256,0,610,1481,578803934,770954656,1384704,0
504,1677504,189824,379648,0,6080,23936,505984,217408,354624,313600,1363904,9216,1152,500224,105088,1792,3072,262656,119296,1024,64,67136,56832,0,614,1495,1215443595,3305044993,1339968,0
505,1677504,190080,380864,0,6016,24192,494784,217792,363776,322432,1355072,9024,1216,488960,83904,1728,2880,253952,116928,1152,192,67392,56384,0,606,1489,2261492104,2072690471,1330880,0
506,1677312,213568,379264,0,4800,24192,652160,224448,178880,137984,1539328,9536,1280,646208,28288,1856,3200,408640,119552,960,128,66880,66112,0,601,1491,3970390361,582081899,1515136,0
507,1677248,189312,381248,0,5888,24448,436096,152960,487296,446272,1230976,9216,1216,430400,28800,1728,3072,194752,115392,1088,0,0,62336,0,600,1468,61139432,1066020915,1206528,0
508,2798016,233856,378816,0,6208,67392,1475072,333504,303168,262528,2535488,105152,1216,1469312,56512,1856,463168,658752,144064,1216,128,171520,69120,0,595,1454,2858049832,1410879611,2468096,0
509,1677056,225728,383936,0,149696,45888,374336,327808,169664,128256,1548800,12992,1216,368768,28672,1728,3200,118528,121088,1152,128,170752,63232,0,588,1434,3323474358,3819239405,1502912,0
510,1677248,213504,380480,0,6912,45568,395072,362944,272768,231936,1445312,13696,1216,389248,55360,1856,2944,143104,120000,1024,128,205504,63872,0,591,1441,3021861327,2739892444,1399744,0
511,1677312,212352,379968,0,4864,45248,398656,347264,288960,248000,1429312,13696,1152,392960,56832,1920,2880,148736,119872,1152,128,206080,48192,0,582,1414,2551449307,1967059743,1384064,0
512,1677440,228032,381440,0,3520,24256,405696,235456,399040,358272,1319168,13248,1280,399680,57344,1792,2944,165312,120128,1280,128,83520,58560,0,576,1399,2004926170,1417006228,1294912,0
513,1677376,212608,379264,0,3584,23936,551872,431936,74176,32960,1644416,14016,1152,546112,70720,1728,15744,234624,181952,960,256,271616,64768,0,596,1457,2358113304,534799751,1620480,0
514,1677568,225344,379904,0,3776,20608,530688,435648,81600,40192,1637376,13952,1152,524992,59008,1792,28160,218496,143936,1024,192,271872,69312,0,611,1488,3632013058,3598214096,1616768,0
515,1676992,224320,381568,0,3584,20224,528000,429696,89600,48384,1628608,15040,1216,522112,55360,1984,28096,213248,148352,1216,256,272832,62272,0,600,1456,1296985485,1128744293,1608384,0
516,1677248,227712,381888,0,3712,20096,528192,387904,127744,86528,1590720,13952,1216,522304,54784,1792,28288,212480,148928,960,256,245824,49728,0,539,1376,2836924422,999588971,1570624,0
517,1677504,224896,380992,0,3712,20032,553024,206464,288384,247296,1430208,13696,1152,547200,80128,1664,28224,246400,149440,1152,64,66688,48256,0,521,1325,700069886,2576649943,1410176,0
518,1677504,226368,379136,0,3648,41408,620160,282752,124032,82560,1594944,13504,1216,614400,79680,1728,27776,272640,198656,1216,256,128832,59456,0,520,1323,474256976,1962222063,1553536,0
519,1677248,226112,378112,0,3904,20288,555648,220928,272256,230976,1446272,14464,1216,549696,74560,1984,28032,229760,155648,1088,128,67136,63360,0,512,1296,2046685266,1087567362,1425984,0
520,1677696,226560,376832,0,3904,19968,552320,222336,275776,234240,1443456,14208,1152,546432,89024,1856,27904,251072,146304,1152,128,66496,63424,0,522,1320,1148246897,1859645533,1423488,0
521,1677248,228224,381248,0,4672,20096,549504,212736,280768,239680,1437568,13888,1088,543808,89600,1728,28608,248960,146112,960,128,66944,55808,0,517,1299,650599581,2950564901,1417472,0
522,1677440,214528,378240,0,6144,19904,561408,214464,282752,241856,1435584,14016,1216,555648,90304,1664,28032,266496,141632,1152,128,66688,57088,0,517,1303,3001046409,2144383683,1415680,0
523,1677248,214976,380160,0,3712,20608,544640,213632,299520,258432,1418816,13568,1216,538752,89984,1920,28480,250688,140928,1088,128,66368,56320,0,518,1300,3496733165,931519941,1398208,0
524,1677184,214592,378752,0,81024,20288,575680,151296,255552,214400,1462784,14208,1152,569728,91328,1856,28096,279936,139072,1280,0,0,64128,0,505,1260,132071913,3293644937,1442496,0
525,1677632,214848,382528,0,3648,20544,554752,150656,350656,309824,1367808,13632,1216,548992,109440,1600,28032,272448,140224,1152,0,0,62336,0,517,1296,3271984587,1913514633,1347264,0
526,1677440,165440,380800,0,5056,19904,583936,155136,367168,326464,1350976,13504,1216,578176,139136,1920,27968,300480,140288,960,192,128,62464,0,498,1236,2451115021,2458656055,1331072,0
527,1677504,214528,378624,0,6272,41408,636864,148096,251712,211136,1466368,13504,1152,631040,88832,1920,28096,244544,139840,1152,0,0,55296,0,521,1293,1876464070,496155973,1424960,0
528,1677184,166080,380672,0,4800,20160,513216,138688,453568,412864,1264320,13952,1216,507328,89344,1792,27840,228480,141504,1216,128,128,45376,0,498,1223,2383487663,1595343110,1244160,0
529,1677376,164608,380928,0,5952,42176,520640,137792,425280,383744,1293632,14016,1088,514816,85888,1792,27840,223360,140672,1088,128,128,44864,0,491,1208,2178185523,765409358,1251456,0
530,1677312,165760,381184,0,3648,19904,582272,221056,303488,262528,1414784,13568,1216,576512,83584,1728,28032,252864,189952,1152,256,66688,58368,0,514,1277,3135281460,3761586356,1394880,0
531,1677568,166080,381760,0,3904,20096,524288,226752,354688,313088,1364480,14208,1088,518592,83584,1856,28096,219456,143936,1088,256,67520,62976,0,509,1267,425595550,984446391,1344384,0
532,1677120,212224,380608,0,3712,20032,516736,220928,322880,281792,1395328,13632,1280,510784,82944,2048,28160,219968,138944,1088,192,66816,61824,0,541,1353,4111380672,1339743078,1375296,0
533,1677440,180800,381312,0,5824,20288,671808,210688,206720,165696,1511744,11712,1152,665984,83520,1792,15808,219584,310848,1088,320,67136,48704,0,502,1255,2100499546,1203893405,1491456,0
534,1677248,216448,378624,0,4736,20288,627520,213376,216256,174912,1502336,9536,1216,621632,65664,1728,3008,201280,281984,1216,192,66816,54912,0,522,1318,348001217,2601587580,1482048,0
535,1677568,145344,384128,0,6272,20288,494528,283968,343040,302272,1375296,11520,1216,488576,45760,1792,3136,204096,165888,1152,320,129152,57792,0,516,1308,3617107719,3305902247,1355008,0
536,1677312,177216,381760,0,3904,20096,490240,229632,374464,333184,1344128,12032,1152,484416,45568,2048,3200,203584,121664,960,128,66688,71232,0,535,1350,4124143483,1002451137,1324032,0
537,1677888,176192,380928,0,3840,20224,420864,230144,445696,404096,1273792,9664,1280,414976,33920,1920,2944,176192,116864,1024,128,66880,70080,0,558,1407,2288066367,216420274,1253568,0
538,1676800,176832,381632,0,4992,20736,406144,227648,458816,418176,1258624,9920,1152,400384,20864,1856,3072,161792,116672,1088,128,66816,69504,0,542,1372,3094208811,4039824,1237888,0
539,2237632,201472,381440,0,137280,41728,732160,221632,521920,480256,1757376,9408,1152,726144,48576,1920,3264,483840,121024,1088,64,66752,62848,0,549,1389,1182873525,894968193,1715648,0
540,1677312,176960,380672,0,6016,19776,436608,221952,435328,394496,1282816,9728,1216,430848,59456,1792,3136,192576,117440,1216,128,66880,63680,0,554,1403,3123021851,1899444943,1263040,0
541,1677440,176320,381120,0,5056,20096,444992,150336,499520,458752,1218688,9728,1280,438976,59776,1920,3264,199424,116992,1216,0,0,59456,0,536,1352,1784285300,203972784,1198592,0
